date,new_enrollments,marketing_spend,discount_pct,website_visits,website_visits_copy,competitor_promo_flag,is_holiday,random_noise_1,random_noise_2
2024-01-01,77,3614.81,10,2140,2139.57,1,0,1.2845,A
2024-01-02,73,3384.57,5,2018,2015.78,0,0,1.6545,B
2024-01-03,84,3960.53,10,2119,2119.77,0,0,0.7658,A
2024-01-04,79,4456.29,10,2235,2230.87,1,0,-0.3305,A
2024-01-05,81,3876.3,5,2119,2121.02,0,0,1.4269,A
2024-01-06,97,4407.64,10,2403,2404.11,0,0,-0.3218,A
2024-01-07,112,5530.04,20,2820,2819.38,1,0,-0.7058,A
2024-01-08,72,3873.83,5,1998,1999.14,1,0,-0.3883,A
2024-01-09,85,4479.04,5,2154,2152.44,0,0,-0.5702,A
2024-01-10,63,3476.74,0,1684,1681.69,0,0,-0.9466,A
2024-01-11,108,4620.92,20,2494,2495.81,1,0,1.11,A
2024-01-12,74,3797.19,5,1884,1885.92,0,0,-0.7734,B
2024-01-13,73,3647.09,0,1957,1955.25,0,0,-0.0296,A
2024-01-14,120,5061.98,25,2737,2734.99,0,0,-1.4438,A
2024-01-15,85,4561.8,10,2217,2216.64,0,0,0.0308,B
2024-01-16,70,3276.47,0,1854,1852.0,0,0,-1.1559,A
2024-01-17,60,3224.1,0,1704,1708.43,1,0,-1.1805,A
2024-01-18,70,3243.32,5,1876,1877.11,0,0,-0.1093,B
2024-01-19,112,4439.49,25,2481,2481.25,0,0,1.057,A
2024-01-20,83,3719.01,5,2096,2092.78,0,0,0.4404,C
2024-01-21,80,2694.07,0,1806,1808.55,0,0,0.5091,A
2024-01-22,80,3176.27,10,1965,1963.09,0,0,-0.1299,C
2024-01-23,74,3047.95,5,1913,1911.39,0,0,-0.3356,B
2024-01-24,56,3106.55,0,1852,1854.19,0,0,0.7911,A
2024-01-25,102,4010.67,20,2362,2362.71,0,0,-0.5632,A
2024-01-26,54,2936.15,0,1565,1557.17,0,0,0.8344,B
2024-01-27,108,4454.53,20,2563,2562.48,0,0,1.2359,A
2024-01-28,93,4499.23,15,2461,2461.86,1,0,-0.8414,A
2024-01-29,61,2648.84,0,1576,1574.65,0,0,-0.6944,C
2024-01-30,95,4264.31,15,2274,2274.84,0,0,-0.5457,B
2024-01-31,87,4127.26,15,2332,2326.13,0,0,-1.467,D
2024-02-01,95,4159.3,10,2451,2442.69,0,0,-0.4694,C
2024-02-02,82,3824.2,10,2109,2106.35,0,0,1.3014,B
2024-02-03,74,3712.72,0,2059,2060.17,0,0,-1.0456,B
2024-02-04,71,3747.52,0,1958,1948.11,0,0,1.3252,B
2024-02-05,101,4298.15,15,2479,2476.64,0,0,-0.4334,C
2024-02-06,71,3292.14,0,1896,1890.39,0,0,2.114,B
2024-02-07,61,3478.4,0,1942,1941.71,0,0,-0.6818,A
2024-02-08,82,3973.88,5,2218,2224.14,0,0,-0.144,A
2024-02-09,62,3417.78,0,1821,1820.0,0,0,-0.9102,A
2024-02-10,106,4719.51,15,2586,2585.44,0,0,-0.6877,C
2024-02-11,98,4294.53,15,2638,2640.33,0,0,1.3382,B
2024-02-12,108,4657.91,20,2538,2538.06,1,0,0.4745,A
2024-02-13,78,3616.49,0,1724,1723.34,0,0,1.0288,A
2024-02-14,81,3781.57,5,2087,2090.28,0,0,-1.3156,A
2024-02-15,102,4479.14,20,2465,2466.13,0,0,0.6548,A
2024-02-16,76,3496.15,5,2045,2046.13,0,0,-0.9714,B
2024-02-17,99,4065.39,15,2463,2462.59,0,0,-1.3373,B
2024-02-18,90,4253.0,10,2163,2161.85,1,0,0.2388,A
2024-02-19,79,3709.14,5,2051,2054.16,0,0,0.2285,A
2024-02-20,61,2875.83,0,1723,1722.13,0,0,0.0533,A
2024-02-21,82,4072.32,10,2251,2254.84,0,0,0.7176,A
2024-02-22,62,2619.06,0,1682,1679.11,0,0,0.8736,C
2024-02-23,104,3782.04,20,2366,2370.43,1,0,1.4697,C
2024-02-24,75,3540.25,10,2146,2147.87,1,0,-1.1903,B
2024-02-25,77,3043.59,0,1874,1871.25,0,0,1.502,A
2024-02-26,97,4417.78,15,2505,2506.08,0,0,1.8823,A
2024-02-27,71,3210.65,5,2080,2077.66,0,0,-0.3662,C
2024-02-28,65,2822.85,0,1768,1768.28,0,0,-1.6685,D
2024-02-29,119,4522.05,25,2634,2632.24,0,0,-1.3835,A
2024-03-01,80,4448.61,15,2372,2371.98,1,0,-0.4619,B
2024-03-02,95,4436.68,10,2464,2466.86,0,0,2.0141,A
2024-03-03,122,4814.31,20,2730,2731.14,0,0,0.0171,A
2024-03-04,92,3646.68,10,2285,2281.73,0,0,-0.6172,D
2024-03-05,75,3566.26,5,1925,1921.68,0,0,-0.6854,C
2024-03-06,74,3976.83,0,2112,2112.49,0,0,-1.3227,D
2024-03-07,72,3764.76,0,1943,1944.46,0,0,0.8746,A
2024-03-08,78,3958.41,5,1973,1970.5,0,0,-0.0921,A
2024-03-09,77,4651.22,5,2316,2321.11,1,0,2.0998,C
2024-03-10,105,5304.44,15,2729,2731.21,0,0,0.6282,B
2024-03-11,83,3880.11,5,2126,2123.65,0,0,0.8299,A
2024-03-12,88,4157.9,10,2252,2249.81,0,0,-0.2421,A
2024-03-13,112,4607.18,20,2463,2462.45,0,0,-1.091,A
2024-03-14,129,4927.52,25,2855,2853.75,0,0,-0.8736,B
2024-03-15,72,3255.6,5,1914,1918.0,1,0,-1.3692,C
2024-03-16,123,4402.31,20,2747,2750.41,0,0,0.9104,A
2024-03-17,104,3934.24,15,2412,2411.83,0,0,-0.3849,A
2024-03-18,77,3289.41,0,1818,1820.03,0,0,0.9525,A
2024-03-19,82,2903.39,5,1863,1865.22,0,0,0.1359,A
2024-03-20,57,3355.87,0,1791,1790.73,0,0,-0.2928,A
2024-03-21,79,3310.98,10,2018,2019.34,0,0,-1.1696,A
2024-03-22,87,3867.52,10,2148,2149.76,0,0,0.3016,B
2024-03-23,69,3279.69,5,1824,1825.59,1,0,-0.2186,A
2024-03-24,109,3641.42,15,2320,2318.09,0,0,0.9022,B
2024-03-25,81,3433.66,5,1914,1911.91,0,0,-0.7154,A
2024-03-26,72,3497.72,5,1949,1947.88,0,0,0.6161,A
2024-03-27,102,3970.43,20,2403,2400.52,0,0,1.6408,A
2024-03-28,111,4498.53,25,2718,2713.34,0,0,0.2726,B
2024-03-29,88,3786.78,15,2078,2080.18,1,0,0.7853,A
2024-03-30,74,3343.75,0,1928,1928.68,0,0,0.5719,A
2024-03-31,77,3485.88,0,1931,1927.0,0,0,1.8981,A
2024-04-01,54,3202.99,0,1646,1645.55,1,0,0.3716,A
2024-04-02,62,3259.3,5,1852,1851.51,0,0,0.7,A
2024-04-03,58,3307.46,0,1809,1809.94,0,0,-0.0363,A
2024-04-04,101,4980.97,20,2704,2701.22,0,0,-0.7744,A
2024-04-05,83,4163.59,10,2273,2268.98,0,0,-1.2082,A
2024-04-06,89,4105.86,5,2170,2171.37,0,0,1.2669,B
2024-04-07,72,3654.31,0,2153,2148.61,0,0,-1.0084,A
2024-04-08,75,3796.29,5,2133,2132.54,0,0,0.7459,C
2024-04-09,74,4262.59,5,2107,2105.95,0,0,0.416,B
2024-04-10,94,4265.18,15,2468,2467.93,0,0,0.9178,A
2024-04-11,68,3685.12,0,1960,1960.38,0,0,-0.5147,B
2024-04-12,108,4758.16,20,2579,2583.78,0,0,-0.7907,A
2024-04-13,78,3689.58,0,2084,2078.72,0,0,0.3784,C
2024-04-14,72,3371.56,0,1962,1964.48,0,0,-0.2923,C
2024-04-15,115,4740.57,25,2724,2716.16,0,0,-1.231,C
2024-04-16,63,3111.3,0,1787,1791.27,0,0,1.9385,A
2024-04-17,71,2904.21,0,1684,1678.37,0,0,-0.7914,C
2024-04-18,80,3682.67,10,1939,1946.26,0,0,-0.9936,B
2024-04-19,78,3322.66,5,1965,1963.99,0,0,-0.2421,C
2024-04-20,69,3617.72,0,2001,2005.07,0,0,1.2529,A
2024-04-21,72,3127.32,0,1962,1965.03,0,0,-2.1667,C
2024-04-22,61,2323.36,0,1591,1590.17,0,0,1.1699,B
2024-04-23,71,3711.43,10,2010,2008.57,1,0,-0.9115,A
2024-04-24,62,2751.63,0,1757,1754.9,0,0,0.2645,D
2024-04-25,99,4294.13,15,2310,2312.13,1,0,-0.676,B
2024-04-26,97,4540.9,20,2545,2544.09,0,0,1.9919,C
2024-04-27,73,3091.87,0,1874,1871.53,0,0,0.1246,A
2024-04-28,83,3787.43,5,2314,2315.19,0,0,-0.7081,A
2024-04-29,57,2970.13,0,1671,1668.32,0,0,-0.3011,B
2024-04-30,56,3200.65,0,1689,1687.77,1,0,0.0896,A
2024-05-01,62,3449.56,0,1761,1761.02,0,0,0.1777,B
2024-05-02,88,4612.95,15,2443,2441.47,1,0,0.4388,B
2024-05-03,76,3986.72,5,2057,2055.32,0,0,-0.0014,A
2024-05-04,81,4115.12,5,2222,2226.89,0,0,-1.3772,B
2024-05-05,96,5069.75,10,2576,2574.98,0,0,-0.3403,A
2024-05-06,103,4486.84,15,2432,2430.57,0,0,0.6067,B
2024-05-07,74,3556.97,5,1880,1879.11,0,0,-0.6699,C
2024-05-08,58,3278.17,0,1547,1548.58,1,0,0.6728,A
2024-05-09,121,5578.21,25,2951,2947.7,0,0,0.0317,A
2024-05-10,64,3870.33,5,1814,1815.32,1,0,-0.2177,A
2024-05-11,100,4460.29,10,2441,2442.25,1,0,1.1941,A
2024-05-12,90,4226.66,10,2516,2510.57,0,0,-1.7381,C
2024-05-13,94,3912.18,10,2161,2166.83,0,0,-0.6753,A
2024-05-14,71,3098.42,0,1878,1882.4,0,0,1.2324,A
2024-05-15,68,3313.08,0,1826,1823.2,0,0,1.83,A
2024-05-16,75,3414.31,5,2002,1998.57,1,0,2.286,B
2024-05-17,76,3783.57,10,2021,2021.31,1,0,0.0504,B
2024-05-18,90,4269.6,15,2204,2200.19,1,0,0.4579,A
2024-05-19,109,4020.67,15,2409,2413.09,0,0,0.8174,A
2024-05-20,118,3786.17,20,2465,2463.9,0,0,1.2751,A
2024-05-21,114,4054.56,25,2531,2535.62,0,0,0.3131,A
2024-05-22,91,4483.7,15,2302,2299.16,1,0,0.9261,A
2024-05-23,73,3137.06,0,1806,1806.0,0,0,0.4598,B
2024-05-24,80,3447.2,5,2038,2041.56,0,0,0.5222,A
2024-05-25,92,3584.36,10,2196,2195.37,0,0,-0.9184,A
2024-05-26,99,3800.16,10,2487,2488.1,0,0,-0.3292,B
2024-05-27,62,2757.44,0,1628,1631.38,0,0,-0.5228,B
2024-05-28,89,3364.27,10,2107,2105.54,0,0,-1.1889,A
2024-05-29,67,3296.37,5,1898,1893.96,1,0,-1.6516,A
2024-05-30,71,3843.28,5,2007,2002.26,0,0,-0.4236,B
2024-05-31,101,4789.1,20,2565,2566.62,0,0,-0.2639,A
2024-06-01,83,3723.02,5,2239,2240.15,0,0,0.105,B
2024-06-02,104,4281.31,10,2411,2414.26,0,0,0.5557,B
2024-06-03,94,4341.91,10,2324,2323.65,0,0,0.1881,C
2024-06-04,92,4076.7,10,2082,2078.13,0,0,-0.2569,A
2024-06-05,73,3618.54,0,1969,1961.89,0,0,-0.9151,A
2024-06-06,93,4364.14,10,2326,2334.98,0,0,0.8771,C
2024-06-07,80,4036.52,5,2115,2116.37,0,0,-0.1018,A
2024-06-08,102,4570.44,10,2510,2510.81,0,0,-0.4338,A
2024-06-09,78,3666.84,0,2012,2012.77,0,0,-0.1865,A
2024-06-10,117,5004.89,25,2701,2696.76,0,0,-0.7327,A
2024-06-11,93,4149.79,15,2311,2309.0,0,0,-0.5307,B
2024-06-12,76,3321.11,5,1880,1885.68,0,0,-0.5625,C
2024-06-13,87,3584.78,5,2179,2181.06,0,0,-0.2873,B
2024-06-14,86,3720.9,5,2109,2107.07,0,0,0.6558,A
2024-06-15,92,4016.41,15,2332,2328.59,0,0,0.4071,D
2024-06-16,104,4004.68,10,2494,2492.85,0,0,1.5467,B
2024-06-17,99,4116.44,15,2286,2284.86,0,0,1.2117,A
2024-06-18,111,3747.06,20,2312,2317.83,0,0,1.9564,B
2024-06-19,81,3096.33,5,1933,1932.69,0,0,0.5592,A
2024-06-20,92,3845.65,10,1989,1985.76,0,0,0.5431,A
2024-06-21,75,3239.77,5,1877,1876.81,0,0,-0.4874,B
2024-06-22,85,3243.39,10,2059,2060.21,0,0,0.826,A
2024-06-23,82,3543.56,5,2120,2115.79,0,0,-0.6561,A
2024-06-24,96,3631.81,15,2218,2219.57,0,0,-1.4705,B
2024-06-25,59,3053.79,0,1668,1672.12,1,0,1.5263,A
2024-06-26,69,2787.51,0,1670,1670.41,0,0,-1.2492,A
2024-06-27,66,3016.44,0,1835,1832.75,0,0,0.4389,A
2024-06-28,99,4283.67,20,2485,2483.47,0,0,-0.8803,B
2024-06-29,87,4110.76,10,2355,2349.56,0,0,1.1267,C
2024-06-30,85,3736.18,5,2169,2168.3,0,0,1.2629,A
2024-07-01,83,3642.18,5,2166,2166.79,0,0,0.5292,B
2024-07-02,69,3489.72,5,1982,1979.11,0,0,1.2464,A
2024-07-03,98,4929.88,20,2517,2522.46,1,0,0.0073,A
2024-07-04,100,5230.8,25,2572,2574.74,1,0,2.2342,A
2024-07-05,111,4511.48,20,2401,2395.95,0,0,0.7462,A
2024-07-06,125,5416.0,20,2777,2771.47,1,0,-0.9006,A
2024-07-07,67,3835.39,0,2005,2001.75,1,0,0.0696,B
2024-07-08,77,3638.27,0,1871,1876.21,0,0,-0.1525,B
2024-07-09,104,4397.23,10,2341,2343.74,0,0,-0.2504,D
2024-07-10,95,4240.9,10,2219,2224.0,0,0,-1.6571,C
2024-07-11,71,3726.52,0,1866,1865.72,0,0,0.3869,A
2024-07-12,106,4275.44,15,2419,2418.57,0,0,-1.3858,A
2024-07-13,72,3795.59,0,2199,2195.42,0,0,-2.5254,A
2024-07-14,68,3489.5,0,1903,1904.0,0,0,-0.344,A
2024-07-15,79,3559.51,5,2007,2006.79,0,0,-0.7559,C
2024-07-16,106,4426.04,20,2337,2336.66,0,0,-0.8615,A
2024-07-17,101,4225.91,15,2228,2232.77,0,0,-3.1031,A
2024-07-18,81,3711.02,10,1989,1988.66,1,0,-0.8508,A
2024-07-19,95,3704.96,15,2224,2227.85,1,0,-0.1736,C
2024-07-20,103,3881.65,15,2311,2305.91,0,0,-0.6342,A
2024-07-21,82,3355.36,5,1980,1988.2,0,0,0.3873,B
2024-07-22,90,3574.88,15,2094,2092.91,1,0,1.3927,A
2024-07-23,61,2548.03,0,1617,1618.72,0,0,0.5164,A
2024-07-24,78,2975.54,10,1766,1769.01,1,0,1.0264,A
2024-07-25,66,2516.06,0,1773,1771.83,0,0,1.1091,B
2024-07-26,74,3754.63,5,2019,2021.2,0,0,-1.0189,B
2024-07-27,92,3781.61,10,2269,2271.12,0,0,0.4391,A
2024-07-28,81,3829.51,0,2058,2055.97,0,0,0.9952,A
2024-07-29,83,3621.76,5,2041,2039.39,0,0,-0.436,A
2024-07-30,86,3925.38,10,2284,2284.21,0,0,-0.7906,A
2024-07-31,83,3660.68,10,2166,2166.06,1,0,0.5304,A
2024-08-01,65,3447.99,0,1801,1804.82,0,0,-1.4816,A
2024-08-02,73,3966.24,0,2104,2106.22,0,0,-1.088,B
2024-08-03,84,4522.56,5,2423,2422.83,0,0,-0.6668,B
2024-08-04,126,5225.26,20,2926,2927.73,0,0,0.4505,B
2024-08-05,117,4642.02,20,2552,2545.82,0,0,0.2189,B
2024-08-06,89,3712.98,5,2014,2011.89,0,0,1.0324,D
2024-08-07,110,4369.82,15,2473,2473.95,0,0,-0.9219,D
2024-08-08,91,4520.49,10,2427,2430.23,0,0,-0.9755,A
2024-08-09,126,5528.73,25,3031,3031.73,0,0,0.5239,A
2024-08-10,87,3753.88,0,2088,2092.34,0,0,-0.7987,A
2024-08-11,103,4208.09,10,2369,2371.78,0,0,-0.6035,C
2024-08-12,82,4309.01,10,2077,2075.97,0,0,-1.8568,A
2024-08-13,82,3290.14,5,1774,1773.86,0,0,0.2908,A
2024-08-14,70,3125.11,0,1742,1742.75,0,0,1.5413,A
2024-08-15,66,3140.28,0,1606,1604.34,1,0,-1.0293,B
2024-08-16,77,3071.06,5,1919,1923.69,0,0,1.0217,A
2024-08-17,99,3970.26,15,2290,2286.99,0,0,-0.0594,B
2024-08-18,107,3899.97,15,2339,2340.33,0,0,-1.7654,A
2024-08-19,62,3140.57,0,1740,1742.29,0,0,-0.8947,C
2024-08-20,109,4541.75,20,2634,2633.15,0,0,-0.9565,A
2024-08-21,70,3134.85,5,1816,1814.44,0,0,-0.3165,C
2024-08-22,113,4361.18,25,2610,2609.36,0,0,0.4195,A
2024-08-23,69,2692.31,0,1670,1672.92,0,0,1.8489,A
2024-08-24,111,4448.3,20,2622,2620.8,1,0,-1.4311,D
2024-08-25,113,4381.08,20,2679,2675.76,0,0,-0.4848,C
2024-08-26,104,3980.88,15,2282,2285.26,0,0,-0.896,C
2024-08-27,103,4186.85,15,2198,2199.33,0,0,-1.268,C
2024-08-28,77,3427.72,5,1930,1933.09,0,0,0.0954,A
2024-08-29,98,4216.82,15,2349,2351.29,0,0,0.0015,A
2024-08-30,89,3976.32,10,2218,2224.22,0,0,-1.8138,A
2024-08-31,92,3955.65,5,2155,2158.24,0,0,0.0182,C
2024-09-01,130,5291.17,25,3049,3046.33,0,0,-1.2054,B
2024-09-02,69,3746.66,0,1950,1951.63,0,0,0.0118,D
2024-09-03,78,3499.47,5,1892,1889.94,0,0,1.2695,C
2024-09-04,113,5295.53,20,2704,2702.44,0,0,0.4631,B
2024-09-05,70,3650.23,0,2086,2081.75,0,0,0.1775,A
2024-09-06,76,3745.85,0,2005,2004.45,0,0,-0.5288,A
2024-09-07,82,4322.75,5,2329,2331.12,1,0,0.0669,A
2024-09-08,104,4577.19,15,2483,2482.88,0,0,0.5633,B
2024-09-09,107,4527.42,20,2389,2385.83,1,0,0.4642,A
2024-09-10,73,3123.08,0,1717,1711.97,0,0,-0.0992,C
2024-09-11,102,3878.03,10,2182,2187.86,0,0,0.2174,B
2024-09-12,90,4017.81,10,2190,2191.17,0,0,-1.3166,A
2024-09-13,96,3622.57,10,2053,2050.24,0,0,-0.7343,C
2024-09-14,93,4085.07,10,2313,2314.26,0,0,0.7076,A
2024-09-15,114,4269.83,25,2598,2604.63,0,0,0.842,B
2024-09-16,79,3120.34,5,1848,1850.27,0,0,0.0936,A
2024-09-17,69,3116.38,0,1787,1778.85,1,0,1.479,A
2024-09-18,86,3409.52,10,1906,1914.01,0,0,0.508,A
2024-09-19,81,2908.31,5,1834,1828.23,0,0,-0.2331,A
2024-09-20,66,2949.66,5,1933,1932.59,0,0,-1.2198,B
2024-09-21,75,2333.83,0,1658,1654.5,0,0,1.4387,D
2024-09-22,73,2853.44,0,1774,1771.79,0,0,0.7703,C
2024-09-23,95,4441.62,20,2582,2583.07,0,0,1.7983,A
2024-09-24,61,2813.31,0,1524,1517.85,1,0,2.1668,D
2024-09-25,92,3567.68,10,2077,2076.75,0,0,-1.2869,A
2024-09-26,92,3528.04,15,2069,2072.91,0,0,-1.2843,A
2024-09-27,70,2808.6,0,1527,1524.92,0,0,-2.8632,B
2024-09-28,79,3832.93,0,2080,2076.13,0,0,0.9184,C
2024-09-29,77,4103.98,5,2152,2151.31,0,0,0.6565,C
2024-09-30,89,3785.48,10,2139,2137.93,0,0,0.0978,B
2024-10-01,75,3685.78,5,2117,2115.01,0,0,-1.2261,A
2024-10-02,90,4206.73,10,2335,2331.93,1,0,-0.089,A
2024-10-03,76,3312.37,0,1835,1836.97,0,0,0.1847,A
2024-10-04,66,3136.7,0,1865,1866.7,0,0,0.7827,A
2024-10-05,75,3839.49,0,2129,2125.77,0,0,0.273,A
2024-10-06,82,4321.87,5,2288,2284.78,0,0,0.6638,A
2024-10-07,71,4030.78,5,1875,1875.42,1,0,-0.1241,A
2024-10-08,119,5022.18,20,2804,2801.57,0,0,1.1815,A
2024-10-09,67,3074.02,0,1672,1672.09,0,0,0.6317,B
2024-10-10,101,4034.73,10,2327,2331.66,0,0,-1.1869,A
2024-10-11,92,3872.89,10,2210,2209.86,0,0,1.3892,A
2024-10-12,112,4414.07,15,2443,2439.34,0,0,1.2256,B
2024-10-13,92,3971.85,10,2339,2339.81,0,0,0.4655,B
2024-10-14,79,2870.66,0,1885,1884.55,0,0,0.2807,A
2024-10-15,95,2878.86,10,2017,2016.16,0,0,1.6586,A
2024-10-16,83,3491.72,5,1924,1925.53,0,0,-1.6333,C
2024-10-17,93,3890.47,15,2199,2200.89,0,0,1.2412,B
2024-10-18,63,2444.33,0,1593,1593.04,0,0,-0.4762,A
2024-10-19,102,4130.85,15,2433,2432.39,0,0,1.0952,A
2024-10-20,86,3584.95,10,2306,2311.95,0,0,0.1204,A
2024-10-21,84,3350.0,10,2001,2004.47,1,0,-1.2429,A
2024-10-22,69,2651.85,0,1499,1501.18,0,0,-0.4965,A
2024-10-23,94,3666.74,10,2146,2146.07,0,0,1.0217,C
2024-10-24,90,3736.17,15,2201,2197.89,0,0,-0.2102,A
2024-10-25,78,3090.93,5,1859,1862.0,0,0,-0.6215,A
2024-10-26,88,3969.3,5,2243,2243.0,0,0,-0.6282,B
2024-10-27,74,3417.07,0,2079,2076.94,0,0,0.6422,A
2024-10-28,75,3251.93,0,1894,1892.92,0,0,1.7506,B
2024-10-29,100,4512.02,15,2370,2366.74,0,0,-2.1409,A
2024-10-30,79,3611.65,5,1996,1999.45,0,0,2.8007,A
2024-10-31,106,4374.76,15,2357,2358.86,0,0,0.2037,A
2024-11-01,102,4612.1,15,2318,2318.98,0,0,0.5802,D
2024-11-02,103,4139.51,10,2350,2349.64,0,0,-0.4363,B
2024-11-03,95,4580.76,10,2559,2557.38,1,0,-0.0035,B
2024-11-04,95,4086.33,10,2079,2072.26,0,0,0.1925,A
2024-11-05,97,4454.76,10,2325,2321.05,0,0,-1.0491,B
2024-11-06,64,3694.93,0,1850,1847.58,1,0,-0.8057,A
2024-11-07,118,4911.61,20,2660,2657.03,0,0,1.1846,B
2024-11-08,120,4686.2,25,2580,2581.17,0,0,-1.5523,A
2024-11-09,95,3931.01,5,2090,2091.98,0,0,0.441,B
2024-11-10,116,4564.78,20,2541,2540.57,0,0,-0.3705,A
2024-11-11,129,4816.15,25,2812,2815.88,0,0,-0.9607,A
2024-11-12,80,2882.01,5,1713,1711.09,0,0,1.9719,B
2024-11-13,101,3634.37,15,2145,2144.75,0,0,-0.9545,A
2024-11-14,80,3888.5,10,2268,2267.52,1,0,-1.1301,A
2024-11-15,64,2976.45,0,1671,1674.27,0,0,-0.187,C
2024-11-16,69,3011.35,0,1892,1892.6,0,0,-0.7686,A
2024-11-17,87,3167.46,5,2087,2087.71,0,0,0.0064,A
2024-11-18,104,3497.08,15,2236,2230.55,0,0,0.1554,B
2024-11-19,68,3155.34,5,1760,1757.61,0,0,0.2347,B
2024-11-20,92,3693.08,15,2143,2146.72,0,0,-0.1239,A
2024-11-21,92,3857.46,10,2186,2179.57,0,0,-0.7022,A
2024-11-22,94,3818.54,15,2323,2327.19,1,0,0.6434,A
2024-11-23,80,3227.22,0,1859,1860.39,0,0,-0.1117,A
2024-11-24,85,3280.93,5,1987,1984.46,0,0,-0.4956,B
2024-11-25,66,3026.11,0,1783,1780.48,0,0,1.48,D
2024-11-26,69,3242.48,0,1861,1866.25,0,0,-0.1213,A
2024-11-27,59,3197.85,0,1853,1857.46,0,0,1.092,A
2024-11-28,63,3254.28,0,1739,1738.9,0,0,1.2268,B
2024-11-29,74,3525.33,0,1842,1842.27,0,0,1.2877,A
2024-11-30,104,4785.68,10,2558,2556.37,0,0,0.6912,B
2024-12-01,90,4183.52,5,2309,2309.09,1,0,-0.0006,A
2024-12-02,78,3874.05,0,1964,1962.44,0,0,-0.064,A
2024-12-03,105,5066.88,20,2677,2676.6,0,0,-0.2441,B
2024-12-04,90,4527.94,10,2261,2266.05,0,0,-2.1669,D
2024-12-05,128,4753.11,20,2749,2748.96,0,0,0.7188,A
2024-12-06,96,4164.07,10,2179,2175.91,1,0,0.2445,C
2024-12-07,89,3723.46,0,2154,2150.08,0,0,0.8255,A
2024-12-08,121,5137.98,20,2821,2821.56,0,0,-0.117,A
2024-12-09,100,4861.01,20,2548,2546.05,1,0,0.6648,A
2024-12-10,95,3967.34,10,2063,2064.07,0,0,-1.3775,A
2024-12-11,94,4060.41,10,2034,2029.24,0,0,-1.1693,B
2024-12-12,89,3302.48,5,2021,2023.18,0,0,-2.4762,A
2024-12-13,83,3566.66,5,1995,1992.12,0,0,-0.1343,A
2024-12-14,106,4431.92,15,2548,2548.62,0,0,-0.7725,A
2024-12-15,89,3960.48,10,2123,2121.75,1,0,-0.9034,B
2024-12-16,72,2868.47,0,1626,1631.57,0,0,0.3347,C
2024-12-17,75,2971.75,0,1822,1822.9,0,0,-0.4255,A
2024-12-18,65,2567.74,0,1767,1772.72,0,0,-1.4331,A
2024-12-19,62,2829.91,0,1640,1641.25,0,0,2.5448,D
2024-12-20,88,3197.68,5,1942,1946.7,0,1,-0.037,A
2024-12-21,109,4077.19,20,2538,2537.14,0,1,-1.0832,B
2024-12-22,89,3261.78,0,1923,1924.09,0,1,-0.6698,A
2024-12-23,80,2978.41,5,1981,1985.03,0,1,-0.1731,C
2024-12-24,71,2926.47,0,1681,1683.6,0,1,-0.1752,A
2024-12-25,99,3772.22,10,2242,2243.28,0,1,1.3022,A
2024-12-26,93,3674.62,10,2141,2140.33,0,1,-0.0794,A
2024-12-27,92,3957.14,10,2187,2186.09,0,1,1.8552,A
2024-12-28,138,5271.8,25,3063,3066.14,0,1,-0.4324,A
2024-12-29,130,5135.03,25,2852,2856.51,1,1,0.4264,D
2024-12-30,127,4948.43,20,2637,2635.59,0,1,1.022,A
2024-12-31,114,4355.33,15,2507,2504.51,0,1,1.1952,A
2025-01-01,90,4473.56,5,2349,2346.07,0,0,1.3119,A
2025-01-02,94,4241.42,10,2370,2372.25,0,0,-0.272,A
2025-01-03,84,3661.59,5,1605,1601.99,1,0,-0.0055,A
2025-01-04,111,4598.2,15,2615,2617.36,0,0,-2.4794,A
2025-01-05,79,4099.15,0,2186,2187.43,0,0,-0.196,B
2025-01-06,72,3413.92,0,1853,1851.3,0,0,1.0913,B
2025-01-07,81,3119.57,0,1825,1830.0,0,0,0.8968,A
2025-01-08,78,4225.72,10,2205,2200.96,1,0,-0.0865,B
2025-01-09,94,4162.59,15,2313,2318.12,1,0,1.6991,A
2025-01-10,72,3356.82,0,1817,1818.09,0,0,-0.384,A
2025-01-11,96,4247.21,10,2517,2510.34,0,0,-0.7161,C
2025-01-12,84,3680.04,5,2207,2211.4,0,0,-0.4682,C
2025-01-13,107,4503.15,15,2477,2479.91,0,0,-1.1225,A
2025-01-14,58,2473.94,0,1555,1553.38,1,0,0.6224,A
2025-01-15,74,2639.96,0,1738,1734.66,0,0,0.2885,A
2025-01-16,86,3389.13,10,2036,2031.09,1,0,0.61,A
2025-01-17,88,3974.98,10,2183,2190.66,0,0,-0.4144,B
2025-01-18,111,4773.82,20,2801,2798.08,0,0,-0.0581,A
2025-01-19,96,4019.84,10,2340,2336.56,0,0,-2.1784,C
2025-01-20,117,3945.68,20,2528,2528.53,0,0,0.3762,B
2025-01-21,80,3050.28,5,1937,1932.47,0,0,0.0988,A
2025-01-22,80,3079.28,5,1799,1796.08,0,0,-1.1005,C
2025-01-23,119,4466.15,25,2799,2801.62,0,0,-0.1047,B
2025-01-24,76,3470.93,0,1693,1694.58,0,0,-0.2578,A
2025-01-25,113,4376.5,15,2570,2568.43,0,0,1.7643,A
2025-01-26,66,3520.56,0,1867,1866.63,1,0,-1.0611,C
2025-01-27,93,3881.68,5,2237,2235.53,0,0,0.3314,D
2025-01-28,76,3047.62,0,1775,1774.64,0,0,-1.0908,A
2025-01-29,94,4174.76,10,2181,2179.17,0,0,-0.5579,B
2025-01-30,97,4275.48,15,2344,2342.74,0,0,0.2768,C
2025-01-31,69,3528.78,0,1747,1745.54,1,0,-0.2114,D
2025-02-01,80,3736.96,0,2040,2038.18,0,0,-0.006,A
2025-02-02,79,4049.58,5,2216,2219.08,0,0,0.3327,A
2025-02-03,75,3653.58,0,1859,1861.47,0,0,-0.4937,C
2025-02-04,89,3941.82,5,2117,2113.87,0,0,0.8841,A
2025-02-05,129,5084.36,25,2807,2803.29,0,0,-0.3055,A
2025-02-06,69,3535.83,0,1805,1804.88,0,0,-0.0976,A
2025-02-07,85,3487.36,5,1826,1831.97,0,0,0.3613,A
2025-02-08,84,4035.9,5,2186,2183.4,1,0,0.227,B
2025-02-09,79,3410.51,0,2020,2019.67,0,0,0.6442,A
2025-02-10,73,2996.6,0,1801,1801.38,0,0,0.317,B
2025-02-11,99,3813.43,15,2285,2284.28,0,0,0.469,A
2025-02-12,90,3545.19,10,2206,2204.96,0,0,-0.3254,B
2025-02-13,107,4311.83,15,2462,2465.53,0,0,-1.0688,A
2025-02-14,88,3146.07,5,2099,2100.05,0,0,-1.4276,A
2025-02-15,99,3435.9,10,2426,2428.14,0,0,-1.6707,D
2025-02-16,112,4562.82,20,2508,2509.92,0,0,1.7627,B
2025-02-17,103,3969.04,20,2185,2187.26,0,0,-2.2128,A
2025-02-18,113,4168.66,20,2427,2431.35,0,0,1.1937,A
2025-02-19,64,2690.91,0,1696,1700.31,0,0,-0.8209,A
2025-02-20,125,4820.26,25,2693,2700.2,0,0,1.1864,D
2025-02-21,91,3786.35,15,2210,2213.63,1,0,-2.2025,A
2025-02-22,115,4599.66,15,2555,2552.92,0,0,-0.2351,C
2025-02-23,97,3770.85,10,2197,2199.4,0,0,1.454,A
2025-02-24,129,4754.7,25,2635,2637.3,0,0,0.7132,B
2025-02-25,90,3948.32,5,2079,2084.28,0,0,-0.3373,A
2025-02-26,107,4386.19,15,2470,2466.93,0,0,-1.943,A
2025-02-27,100,4967.02,15,2519,2521.07,0,0,-1.3225,C
2025-02-28,106,4422.53,15,2384,2381.7,0,0,1.3891,A
2025-03-01,127,4860.42,15,2699,2700.92,0,0,-0.3482,C
2025-03-02,79,4316.68,0,2212,2211.13,0,0,-0.0718,A
2025-03-03,91,3579.36,5,2087,2088.58,0,0,0.2835,A
2025-03-04,88,3549.64,5,1906,1901.51,0,0,-1.3028,C
2025-03-05,90,4383.52,15,2301,2303.17,0,0,0.4073,B
2025-03-06,99,4733.94,15,2441,2442.01,1,0,-0.4196,A
2025-03-07,119,4425.76,20,2534,2534.03,0,0,0.2937,A
2025-03-08,107,4825.16,15,2488,2493.37,1,0,-0.5781,A
2025-03-09,102,4407.24,10,2548,2547.09,0,0,-1.5731,C
2025-03-10,77,3770.78,0,2119,2120.46,0,0,-0.4274,A
2025-03-11,94,4100.92,10,2175,2175.19,0,0,0.6408,A
2025-03-12,113,4500.05,20,2646,2647.03,0,0,0.3941,A
2025-03-13,89,4005.36,10,1999,2005.69,0,0,0.0309,B
2025-03-14,116,4382.47,20,2579,2578.75,0,0,0.8981,C
2025-03-15,134,4662.46,25,2703,2700.88,0,0,-0.2036,B
2025-03-16,85,3146.56,5,2074,2079.62,0,0,0.0563,A
2025-03-17,90,3638.91,15,2027,2026.26,1,0,-0.4798,A
2025-03-18,93,3422.68,10,2033,2027.71,0,0,0.9566,A
2025-03-19,72,3149.31,5,1723,1720.72,1,0,0.2915,C
2025-03-20,66,2288.11,0,1522,1518.75,0,0,-0.557,A
2025-03-21,71,2783.57,0,1835,1829.54,0,0,-1.489,B
2025-03-22,75,3154.74,0,1894,1893.06,0,0,1.105,A
2025-03-23,95,3994.54,10,2498,2497.64,0,0,-0.7441,D
2025-03-24,74,3419.6,0,1825,1828.24,0,0,0.0721,A
2025-03-25,81,3482.23,5,2092,2093.71,0,0,2.3526,A
2025-03-26,87,3631.7,10,1959,1960.45,0,0,0.8015,C
2025-03-27,70,3175.98,5,1855,1852.24,0,0,1.6111,D
2025-03-28,111,4835.71,20,2488,2491.08,1,0,-0.5381,A
2025-03-29,89,3823.29,5,2311,2315.4,0,0,1.071,B
2025-03-30,88,3980.16,0,2150,2151.38,0,0,0.0267,B
2025-03-31,126,5524.11,25,2719,2720.53,0,0,0.366,A
2025-04-01,115,4528.87,20,2417,2412.93,0,0,2.0208,A
2025-04-02,101,4400.63,10,2226,2229.26,0,0,-0.2786,B
2025-04-03,113,4902.93,15,2622,2627.56,0,0,0.0193,B
2025-04-04,74,3844.01,0,2045,2045.72,0,0,-0.9032,A
2025-04-05,110,4295.6,15,2467,2465.45,0,0,0.8885,A
2025-04-06,79,3567.24,0,1972,1971.72,0,0,-0.5606,B
2025-04-07,82,3464.63,5,2021,2019.73,0,0,1.0227,A
2025-04-08,79,3496.46,0,1783,1781.92,0,0,-1.6499,B
2025-04-09,98,4361.52,15,2350,2352.07,1,0,0.5486,B
2025-04-10,67,2552.51,0,1646,1647.2,0,0,-0.6437,A
2025-04-11,72,3040.48,0,1728,1731.01,0,0,0.7305,A
2025-04-12,78,3481.34,0,2029,2029.69,0,0,-0.0136,A
2025-04-13,105,4223.64,15,2481,2478.71,0,0,-0.5353,A
2025-04-14,73,2922.98,0,1761,1759.21,0,0,-0.3866,B
2025-04-15,92,3398.67,10,1918,1916.54,0,0,-0.8504,B
2025-04-16,72,2871.41,5,1846,1845.67,0,0,0.8378,C
2025-04-17,91,3753.21,15,2308,2313.54,0,0,-1.0486,A
2025-04-18,68,2794.8,0,1710,1715.69,0,0,-0.2671,B
2025-04-19,122,4508.22,20,2693,2695.91,0,0,0.3452,A
2025-04-20,84,3588.43,5,2105,2105.77,0,0,1.6135,B
2025-04-21,80,2908.49,0,1790,1786.05,0,0,-0.0093,A
2025-04-22,73,3215.91,0,1806,1806.66,0,0,-0.2425,A
2025-04-23,75,2939.19,0,1625,1623.03,0,0,0.2736,A
2025-04-24,86,3091.11,5,1925,1930.12,0,0,-2.0735,A
2025-04-25,74,3314.49,0,1689,1684.34,0,0,-1.1986,D
2025-04-26,112,4877.65,20,2770,2770.93,0,0,-0.3754,A
2025-04-27,99,4400.09,10,2399,2396.74,0,0,-0.713,A
2025-04-28,81,3143.4,0,1742,1742.03,0,0,-1.6008,B
2025-04-29,90,4266.91,5,2199,2201.35,0,0,0.8578,A
2025-04-30,75,3734.25,0,1885,1888.37,0,0,0.2598,A
2025-05-01,70,3530.32,0,1932,1931.85,0,0,0.1403,A
2025-05-02,93,3718.19,5,2036,2038.2,0,0,-0.694,A
2025-05-03,78,4136.22,0,2126,2123.68,0,0,0.0794,C
2025-05-04,73,3595.02,0,2140,2141.09,0,0,0.5144,A
2025-05-05,118,5406.46,20,2791,2794.22,0,0,-0.2649,A
2025-05-06,83,4014.95,10,2258,2258.8,0,0,0.4446,A
2025-05-07,123,5159.79,20,2825,2823.56,0,0,-0.7961,C
2025-05-08,88,3326.56,0,1950,1949.61,0,0,0.0975,C
2025-05-09,123,4966.7,20,2700,2703.01,0,0,1.1425,A
2025-05-10,75,3608.63,5,2015,2011.42,1,0,1.232,B
2025-05-11,82,3377.2,0,1844,1841.26,0,0,1.3276,A
2025-05-12,99,4197.31,15,2363,2364.62,0,0,0.2856,A
2025-05-13,71,3112.03,0,1784,1783.09,1,0,0.0316,C
2025-05-14,81,3477.06,5,1994,1989.33,0,0,-0.4488,C
2025-05-15,95,3694.28,15,1912,1915.66,0,0,-1.8075,A
2025-05-16,87,3470.91,10,2126,2122.51,0,0,-1.3449,C
2025-05-17,106,3991.91,10,2317,2316.32,1,0,-0.1681,B
2025-05-18,89,3198.04,5,1980,1977.99,0,0,-0.1083,B
2025-05-19,74,2937.97,0,1807,1805.75,0,0,1.4122,B
2025-05-20,111,4408.67,25,2558,2555.15,1,0,1.3148,A
2025-05-21,67,2937.29,0,1664,1666.32,0,0,-0.6865,C
2025-05-22,66,2973.42,0,1761,1760.95,1,0,0.8183,A
2025-05-23,65,2839.98,0,1587,1590.41,0,0,-0.4771,A
2025-05-24,116,4610.11,20,2586,2584.14,1,0,0.6826,A
2025-05-25,103,4469.78,15,2528,2534.59,0,0,0.806,B
2025-05-26,76,3587.67,5,1924,1918.67,0,0,1.2421,A
2025-05-27,119,5373.29,25,2800,2795.59,1,0,-0.4926,A
2025-05-28,81,3689.26,0,2044,2049.63,0,0,1.0143,B
2025-05-29,126,4881.72,20,2733,2734.36,0,0,-1.8728,A
2025-05-30,74,3380.58,0,1908,1909.1,0,0,1.2962,A
2025-05-31,92,3986.68,5,2002,2003.41,1,0,-0.025,A
2025-06-01,78,4351.41,0,2125,2126.55,0,0,-0.0037,B
2025-06-02,123,5000.33,25,2684,2685.12,1,0,-2.0374,A
2025-06-03,116,4926.77,20,2637,2633.69,0,0,-0.3887,A
2025-06-04,103,4300.36,10,2242,2244.22,0,0,1.3555,A
2025-06-05,78,3437.4,0,2024,2026.41,0,0,-0.4267,C
2025-06-06,68,3206.34,0,1727,1731.06,1,0,0.7135,B
2025-06-07,94,3767.45,5,2211,2216.28,0,0,0.0346,A
2025-06-08,93,3741.16,5,2241,2242.49,0,0,1.0627,C
2025-06-09,73,3029.72,0,1753,1749.31,0,0,0.1915,C
2025-06-10,89,4081.33,10,2363,2368.33,1,0,-0.9318,B
2025-06-11,96,3676.98,10,2030,2026.57,0,0,0.0565,A
2025-06-12,116,4127.42,20,2364,2365.17,0,0,1.6012,A
2025-06-13,80,3238.55,5,1817,1815.88,0,0,0.4976,B
2025-06-14,91,3581.58,5,2246,2244.38,0,0,-0.1164,A
2025-06-15,103,3627.85,10,2284,2286.27,0,0,2.2557,A
2025-06-16,73,2998.78,0,1693,1694.14,0,0,1.1592,A
2025-06-17,89,3127.23,10,1882,1883.73,0,0,0.8167,A
2025-06-18,102,4056.67,15,2424,2421.14,0,0,0.3173,B
2025-06-19,73,2834.12,0,1724,1723.78,0,0,0.7303,A
2025-06-20,85,3201.36,5,2006,2003.96,0,0,0.7627,B
2025-06-21,119,4346.81,20,2592,2591.4,0,0,-2.1828,B
2025-06-22,103,3644.49,10,2264,2263.58,0,0,0.3949,A
2025-06-23,98,3362.68,10,2047,2052.6,0,0,-0.1608,A
2025-06-24,108,3991.93,15,2235,2233.91,0,0,-0.4998,A
2025-06-25,93,4078.36,10,2210,2203.31,0,0,-0.1954,A
2025-06-26,76,3140.12,0,1679,1682.75,0,0,-1.5558,B
2025-06-27,111,4050.24,15,2346,2347.41,0,0,-1.8046,B
2025-06-28,123,4853.95,20,2804,2803.42,0,0,1.2465,C
2025-06-29,89,3731.37,0,2149,2147.64,0,0,0.4622,D
2025-06-30,82,3516.52,0,1941,1938.44,0,0,-2.413,A
2025-07-01,114,4561.76,15,2436,2442.21,0,0,-0.5764,B
2025-07-02,95,4515.52,10,2476,2476.42,0,0,0.8806,A
2025-07-03,90,4224.26,5,2249,2243.43,0,0,-0.28,A
2025-07-04,102,4695.04,10,2513,2513.62,0,0,1.245,A
2025-07-05,114,4357.14,15,2633,2636.98,0,0,1.0498,A
2025-07-06,97,4151.46,10,2352,2352.2,0,0,-1.3567,B
2025-07-07,84,3538.47,0,1924,1921.04,0,0,-0.1433,B
2025-07-08,72,3178.36,0,1856,1852.8,0,0,-0.4481,A
2025-07-09,84,3731.59,5,1937,1934.42,0,0,-1.3892,A
2025-07-10,103,4462.38,20,2414,2418.24,0,0,-1.4543,A
2025-07-11,96,4058.18,10,2106,2105.63,0,0,-0.806,B
2025-07-12,90,3788.38,5,2162,2156.52,0,0,-0.6409,A
2025-07-13,118,4702.52,20,2668,2669.53,0,0,0.2832,A
2025-07-14,82,3062.42,5,1725,1725.87,0,0,1.0442,A
2025-07-15,94,3427.17,10,2052,2050.96,0,0,0.5136,B
2025-07-16,68,2709.04,0,1650,1647.34,0,0,0.7504,B
2025-07-17,102,3395.89,15,2221,2218.15,0,0,-0.2666,A
2025-07-18,105,4128.78,15,2497,2500.42,0,0,0.603,A
2025-07-19,106,4250.16,15,2519,2519.59,0,0,-0.1484,A
2025-07-20,86,3390.07,5,2000,2001.44,0,0,-0.4415,B
2025-07-21,87,3591.23,5,2051,2051.25,0,0,1.8971,A
2025-07-22,68,2877.88,0,1627,1627.58,1,0,-2.3305,B
2025-07-23,128,4296.52,25,2533,2531.21,0,0,-1.8733,C
2025-07-24,67,3441.77,0,1790,1789.84,0,0,0.3827,A
2025-07-25,94,3630.47,10,2057,2060.57,0,0,-0.265,A
2025-07-26,109,4558.84,15,2471,2475.61,1,0,-1.437,A
2025-07-27,93,3756.34,0,2140,2136.46,0,0,-1.0546,A
2025-07-28,85,3929.63,5,2134,2133.11,0,0,-0.9244,C
2025-07-29,76,3767.35,0,2110,2112.55,0,0,0.8923,D
2025-07-30,100,4388.85,10,2366,2371.84,0,0,1.2124,A
2025-07-31,125,5374.67,25,2891,2896.32,0,0,1.6396,C
2025-08-01,77,3752.92,5,1935,1932.4,1,0,-1.589,A
2025-08-02,139,5555.06,25,2857,2861.06,1,0,-1.3671,A
2025-08-03,82,3462.4,0,1861,1861.21,1,0,-1.4356,B
2025-08-04,87,4212.03,5,2110,2113.02,0,0,1.2889,A
2025-08-05,116,4410.25,20,2277,2279.56,0,0,0.4172,A
2025-08-06,114,4587.68,20,2459,2455.03,0,0,0.0802,B
2025-08-07,90,3295.79,5,2049,2050.66,0,0,0.2296,A
2025-08-08,105,3674.76,10,2140,2143.28,0,0,-0.0568,D
2025-08-09,120,4675.9,20,2657,2657.19,0,0,-1.1211,A
2025-08-10,110,4137.27,15,2482,2481.57,0,0,0.5132,A
2025-08-11,93,3877.75,10,1920,1915.02,1,0,-0.1861,C
2025-08-12,68,2942.34,0,1668,1669.88,1,0,-1.2003,A
2025-08-13,77,2725.17,0,1772,1772.26,0,0,0.5743,A
2025-08-14,89,3418.5,10,2027,2024.12,0,0,-0.4258,A
2025-08-15,92,3725.03,10,1972,1971.41,0,0,0.2275,A
2025-08-16,74,3260.43,0,1898,1898.2,0,0,-0.125,A
2025-08-17,76,2787.25,0,1909,1907.49,0,0,0.8914,A
2025-08-18,75,2997.91,5,1851,1851.41,0,0,0.2202,A
2025-08-19,79,3326.83,5,1801,1795.71,0,0,-0.8837,A
2025-08-20,78,3362.94,5,2133,2136.92,0,0,0.322,C
2025-08-21,71,3102.08,5,1672,1672.06,1,0,0.3547,C
2025-08-22,69,3292.47,0,1801,1797.94,0,0,0.5113,A
2025-08-23,123,4546.19,20,2565,2557.38,0,0,1.0359,C
2025-08-24,96,4510.24,10,2375,2377.89,0,0,-0.616,C
2025-08-25,72,3497.9,0,1841,1842.65,0,0,0.6679,C
2025-08-26,90,3500.21,5,2024,2024.76,0,0,-1.7248,B
2025-08-27,94,3710.14,5,2139,2141.13,0,0,-0.12,A
2025-08-28,94,4082.58,10,2190,2192.88,0,0,-0.2747,A
2025-08-29,95,4287.81,10,2195,2195.31,0,0,1.4478,C
2025-08-30,112,4478.74,10,2495,2493.97,0,0,-0.1563,A
2025-08-31,114,4577.78,15,2535,2533.7,1,0,0.608,C
2025-09-01,80,3264.82,0,1835,1835.84,0,0,-1.7618,B
2025-09-02,88,4020.5,5,2139,2143.37,0,0,-0.3518,A
2025-09-03,71,3580.82,0,1813,1812.75,1,0,-0.8464,A
2025-09-04,81,3797.2,5,2062,2065.99,0,0,2.4755,D
2025-09-05,83,3760.81,5,2028,2028.7,0,0,-0.6668,A
2025-09-06,114,4373.78,15,2526,2526.77,1,0,0.0733,B
2025-09-07,91,3504.16,0,2191,2197.8,0,0,0.1266,D
2025-09-08,102,4371.92,10,2319,2324.37,0,0,-1.5895,A
2025-09-09,76,3636.07,5,2008,2012.58,0,0,-0.526,A
2025-09-10,81,3208.91,5,1910,1907.85,0,0,0.4048,A
2025-09-11,99,3737.27,15,2161,2167.09,0,0,0.0857,C
2025-09-12,70,2149.76,0,1567,1566.71,0,0,-2.3004,A
2025-09-13,87,3642.04,5,2167,2166.59,0,0,-0.567,A
2025-09-14,85,3556.09,5,2070,2063.49,0,0,1.0208,A
2025-09-15,105,3626.78,15,2182,2183.15,1,0,0.5882,A
2025-09-16,74,2456.95,0,1590,1586.31,0,0,1.218,A
2025-09-17,112,3859.01,20,2258,2259.29,0,0,-0.9856,A
2025-09-18,105,4619.53,25,2593,2589.87,1,0,1.2809,C
2025-09-19,98,3906.69,15,2284,2289.41,0,0,-0.0444,A
2025-09-20,81,3455.15,0,2069,2070.73,0,0,1.5922,B
2025-09-21,97,4043.42,10,2403,2409.68,0,0,0.0033,C
2025-09-22,76,3432.02,0,1852,1848.61,0,0,-2.0475,B
2025-09-23,119,4676.02,20,2529,2533.81,0,0,0.8493,B
2025-09-24,91,4219.74,10,2262,2256.27,0,0,-0.4435,A
2025-09-25,72,2945.35,0,1676,1676.2,1,0,-0.3762,A
2025-09-26,95,3540.88,5,2023,2020.67,0,0,-1.4531,A
2025-09-27,119,4711.29,15,2635,2633.44,0,0,1.6222,A
2025-09-28,128,5418.54,20,2889,2887.93,0,0,-0.5211,A
2025-09-29,97,4719.03,10,2406,2403.31,1,0,1.575,A
2025-09-30,96,3903.28,5,2026,2021.82,0,0,-0.4312,A
2025-10-01,121,4427.66,15,2620,2619.17,0,0,-0.9277,B
2025-10-02,98,4069.54,15,2374,2374.68,0,0,1.3195,A
2025-10-03,117,4694.38,15,2389,2392.08,0,0,-0.0733,A
2025-10-04,86,3899.82,5,2138,2138.58,1,0,-0.0636,A
2025-10-05,109,4990.83,10,2663,2666.61,0,0,-1.2816,A
2025-10-06,114,4409.87,20,2465,2460.63,0,0,-0.4576,A
2025-10-07,81,3705.27,0,1810,1809.09,0,0,0.4287,A
2025-10-08,82,3617.29,5,1915,1916.65,0,0,-1.2992,A
2025-10-09,74,2782.39,0,1725,1726.18,0,0,-0.5391,B
2025-10-10,85,3333.84,5,1774,1771.75,0,0,-0.4204,D
2025-10-11,107,4308.01,15,2373,2375.85,0,0,0.0664,A
2025-10-12,83,3042.21,0,1917,1915.86,0,0,1.4796,A
2025-10-13,96,3651.67,10,2084,2081.22,0,0,-0.3,B
2025-10-14,76,2978.13,0,1675,1676.2,0,0,-0.6905,C
2025-10-15,119,4225.42,20,2401,2401.08,0,0,2.7464,C
2025-10-16,103,3771.6,15,2101,2099.46,0,0,-0.4332,A
2025-10-17,91,3204.28,10,1938,1936.71,1,0,-0.1907,A
2025-10-18,109,4104.45,15,2291,2287.48,1,0,-0.3578,A
2025-10-19,78,3255.39,0,1806,1804.78,1,0,-0.2768,B
2025-10-20,128,3878.92,20,2376,2378.87,0,0,0.0778,A
2025-10-21,108,4128.29,15,2304,2304.84,0,0,0.9208,C
2025-10-22,69,3176.77,0,1650,1652.48,1,0,0.404,A
2025-10-23,122,4601.13,25,2469,2470.76,0,0,1.0771,B
2025-10-24,74,3290.91,0,1853,1850.85,0,0,1.044,A
2025-10-25,106,4282.03,10,2406,2400.73,0,0,0.2086,A
2025-10-26,87,4235.34,0,2162,2159.14,0,0,0.3763,A
2025-10-27,106,4591.56,15,2367,2365.44,0,0,1.1087,B
2025-10-28,85,3848.09,0,1979,1976.31,0,0,-1.1112,A
2025-10-29,74,3589.42,0,1946,1948.82,0,0,2.4982,A
2025-10-30,79,3492.96,5,1976,1979.25,0,0,-0.5126,B
2025-10-31,129,5385.81,25,2997,3003.9,0,0,-0.351,C
2025-11-01,81,3665.77,0,2106,2104.03,0,0,-1.2119,B
2025-11-02,106,4341.58,10,2407,2411.31,0,0,-1.1822,B
2025-11-03,94,3844.16,10,2219,2223.89,0,0,0.974,A
2025-11-04,117,4688.29,20,2577,2576.16,0,0,2.2702,C
2025-11-05,78,3542.97,0,1896,1897.29,0,0,-0.5672,A
2025-11-06,94,4073.86,10,2251,2254.59,1,0,0.3473,C
2025-11-07,123,5118.36,25,2707,2706.63,0,0,0.2202,B
2025-11-08,89,4028.88,5,2160,2159.66,1,0,1.0002,A
2025-11-09,102,3047.12,5,2064,2062.44,0,0,2.2187,A
2025-11-10,123,3901.41,20,2379,2371.58,0,0,1.521,B
2025-11-11,81,2727.3,5,1722,1722.49,0,0,-0.2387,B
2025-11-12,85,3277.22,5,1763,1760.47,0,0,0.5288,B
2025-11-13,77,2940.96,5,1620,1617.26,0,0,0.6281,D
2025-11-14,107,3639.9,15,2366,2366.91,0,0,-0.0201,A
2025-11-15,119,4308.57,20,2613,2608.27,0,0,-1.0959,A
2025-11-16,101,3838.09,10,2145,2147.44,1,0,-0.7988,A
2025-11-17,88,3181.4,10,2000,2001.95,0,0,1.1482,A
2025-11-18,76,2976.0,5,1663,1661.53,1,0,1.2513,A
2025-11-19,76,3029.48,0,1720,1719.91,0,0,-0.2076,C
2025-11-20,74,3400.38,0,1772,1768.55,0,0,0.2611,A
2025-11-21,69,3193.9,0,1674,1676.42,0,0,1.1973,C
2025-11-22,74,3357.32,0,1781,1781.69,0,0,-1.7043,B
2025-11-23,102,3765.26,10,2118,2119.26,0,0,-0.4464,A
2025-11-24,69,3675.51,0,1936,1937.46,1,0,2.0179,C
2025-11-25,68,3335.5,0,1750,1748.13,0,0,0.2993,B
2025-11-26,91,3613.35,5,2047,2042.65,0,0,-1.1292,A
2025-11-27,72,3187.77,0,1794,1796.76,1,0,0.1173,A
2025-11-28,76,3272.32,0,1818,1819.72,0,0,1.0214,A
2025-11-29,79,3647.01,0,2016,2014.18,0,0,-2.5465,B
2025-11-30,84,3802.12,0,2096,2097.13,0,0,0.1763,A
2025-12-01,102,3923.63,10,2143,2146.98,0,0,-0.3724,A
2025-12-02,103,4531.69,15,2541,2544.62,0,0,-1.642,C
2025-12-03,114,4687.72,20,2732,2730.37,0,0,0.0819,B
2025-12-04,113,4879.11,15,2659,2654.92,0,0,-0.1365,B
2025-12-05,97,3528.26,10,1885,1881.08,0,0,-0.0241,C
2025-12-06,129,4798.76,20,2687,2685.57,0,0,-0.3483,A
2025-12-07,99,4064.44,10,2258,2262.78,1,0,-1.0213,A
2025-12-08,105,3431.84,10,2080,2078.09,0,0,-1.4548,B
2025-12-09,86,3300.99,5,1767,1765.67,0,0,-0.6907,A
2025-12-10,86,3397.58,5,1793,1791.28,0,0,0.8593,A
2025-12-11,87,3184.43,5,1993,1991.12,0,0,0.2331,B
2025-12-12,75,3132.83,0,1730,1729.63,0,0,-0.0692,A
2025-12-13,100,3494.66,15,2142,2138.23,0,0,-1.0398,A
2025-12-14,74,2840.16,0,1721,1724.69,0,0,-0.3739,A
2025-12-15,90,3804.57,10,2178,2178.04,0,0,0.7372,B
2025-12-16,109,4355.16,20,2410,2416.96,0,0,0.5048,A
2025-12-17,88,3342.6,5,1946,1942.95,0,0,-0.4772,A
2025-12-18,71,3249.1,0,1727,1731.33,0,0,-2.6114,C
2025-12-19,81,2894.2,5,1652,1656.29,0,0,-0.6748,C
2025-12-20,97,3888.62,5,2320,2318.65,0,1,-0.4827,A
2025-12-21,131,5340.45,25,2999,2997.99,0,1,-0.9071,A
2025-12-22,104,4104.23,15,2211,2208.05,1,1,-0.4132,A
2025-12-23,119,4976.85,15,2519,2516.47,0,1,0.8166,A
2025-12-24,110,4143.99,10,2365,2364.83,0,1,-0.0373,A
2025-12-25,119,3960.86,15,2329,2329.38,0,1,0.9897,A
2025-12-26,122,4630.24,15,2564,2559.14,0,1,-1.5084,A
2025-12-27,83,3686.68,0,1923,1929.54,1,1,-0.3051,A
2025-12-28,94,4157.3,0,2188,2187.57,0,1,-1.939,A
2025-12-29,94,3749.21,0,1984,1984.16,0,1,-0.4266,B
2025-12-30,98,4105.94,10,2183,2181.03,0,1,-1.0457,A
