student_id,enrollment_date,city,course,batch_type,attendance_pct,weekly_study_hours,prev_exam_score,doubt_sessions_attended,mock_test_3,income_bracket,feedback_text,final_score
10001,2024-01-01,Bengaluru,Full Stack,Weekend,85.17,3.88,56.6,0,,Middle,,78.9
10002,2024-01-02,Pune,Cloud,Weekend,84.84,,50.41,3,59.9,Middle,Consistent performer,95.54
10003,2024-01-03,Hyderabad,AI Foundations,Hybrid,77.59,,81.47,3,57.13,Low,Consistent performer,87.27
10004,2024-01-04,Bengaluru,Cloud,Weekend,80.17,1.85,43.14,0,,Upper-middle,Improving steadily,65.49
10005,2024-01-05,Mumbai,AI Foundations,Weekday,64.96,2.29,79.98,5,58.19,Upper-middle,Irregular practice,86.18
10006,2024-01-06,Hyderabad,Cloud,Weekday,53.95,4.22,63.46,8,,Upper-middle,Improving steadily,80.27
10007,2024-01-07,Bengaluru,AI Foundations,Weekend,79.65,9.9,64.04,3,,Low,Irregular practice,84.21
10008,2024-01-08,Bengaluru,Data Science,Weekday,81.56,7.87,72.74,4,,Middle,,94.67
10009,2024-01-09,Mumbai,Cloud,Weekday,91.3,8.18,75.14,2,53.54,Middle,Improving steadily,98.46
10010,2024-01-10,Pune,Full Stack,Weekday,95.28,21.61,55.43,3,69.61,Low,,100.0
10011,2024-01-11,Pune,Full Stack,Weekend,95.27,3.68,77.05,3,59.24,Middle,Improving steadily,87.31
10012,2024-01-12,Hyderabad,Cloud,Hybrid,67.02,7.28,68.59,2,59.99,Middle,Consistent performer,79.88
10013,2024-01-13,Delhi,AI Foundations,Weekend,74.13,8.74,49.42,4,60.61,,Irregular practice,89.99
10014,2024-01-14,Bengaluru,AI Foundations,Weekday,83.28,4.93,64.62,4,58.48,Middle,Needs more revision,88.01
10015,2024-01-15,Pune,Data Science,Weekday,100.0,7.51,86.34,2,75.19,Upper-middle,Consistent performer,96.24
10016,2024-01-16,Mumbai,Cloud,Weekend,94.28,3.06,90.47,6,65.79,Middle,Excellent classroom participation,98.49
10017,2024-01-17,Delhi,Cloud,Weekday,90.31,16.05,77.04,8,78.62,Upper-middle,Irregular practice,100.0
10018,2024-01-18,Mumbai,Data Science,Weekend,73.73,5.08,50.34,2,55.08,Middle,Irregular practice,81.24
10019,2024-01-19,Bengaluru,Data Science,Weekend,68.28,22.58,73.87,5,93.99,Middle,Excellent classroom participation,100.0
10020,2024-01-20,Delhi,Data Science,Weekday,86.68,7.26,78.91,2,65.86,Middle,Needs more revision,93.26
10021,2024-01-21,Bengaluru,Cloud,Weekday,65.89,13.01,77.16,0,82.0,High,Irregular practice,97.28
10022,2024-01-22,Pune,Full Stack,Weekday,75.38,,77.99,0,,Middle,,85.34
10023,2024-01-23,Hyderabad,AI Foundations,Hybrid,76.74,7.27,72.09,3,57.47,Middle,Improving steadily,91.2
10024,2024-01-24,Hyderabad,Full Stack,Weekend,95.52,5.36,65.99,6,51.36,Middle,Consistent performer,92.18
10025,2024-01-25,Bengaluru,AI Foundations,Weekday,74.1,7.89,58.48,2,63.95,Upper-middle,Excellent classroom participation,86.99
10026,2024-01-26,Mumbai,Full Stack,Hybrid,51.17,8.8,40.43,1,60.73,Low,Improving steadily,73.9
10027,2024-01-27,Delhi,Cloud,Weekday,83.55,4.8,71.75,6,43.85,Middle,Excellent classroom participation,86.71
10028,2024-01-28,Mumbai,Data Science,Weekday,70.31,6.9,69.6,4,69.34,,Consistent performer,100.0
10029,2024-01-29,Mumbai,Full Stack,Hybrid,78.47,5.28,74.81,3,,High,Consistent performer,83.83
10030,2024-01-30,Bengaluru,Cloud,Weekday,77.05,26.18,48.27,1,72.09,Middle,Consistent performer,100.0
10031,2024-01-31,Bengaluru,AI Foundations,Weekday,74.99,7.03,76.03,3,59.3,Middle,Needs more revision,100.0
10032,2024-02-01,Hyderabad,AI Foundations,Weekend,86.69,17.29,95.76,3,84.93,High,Improving steadily,100.0
10033,2024-02-02,Pune,Data Science,Weekday,61.14,6.64,,2,,Middle,Consistent performer,75.22
10034,2024-02-03,Pune,Full Stack,Weekend,72.31,,66.14,4,64.45,Middle,Improving steadily,97.24
10035,2024-02-04,Delhi,Data Science,Weekday,85.52,3.57,71.33,4,58.61,Middle,Needs more revision,81.14
10036,2024-02-05,Mumbai,Data Science,Weekday,71.25,5.78,95.45,3,76.21,,Needs more revision,100.0
10037,2024-02-06,Mumbai,Cloud,Weekday,60.3,8.3,,5,,Low,Improving steadily,82.93
10038,2024-02-07,Delhi,Cloud,Weekday,85.35,17.68,69.84,4,76.17,Middle,Consistent performer,100.0
10039,2024-02-08,Mumbai,Cloud,Weekday,90.35,8.35,55.8,3,,Upper-middle,Consistent performer,100.0
10040,2024-02-09,Bengaluru,AI Foundations,Weekday,77.51,15.82,59.34,2,82.1,Upper-middle,Consistent performer,100.0
10041,2024-02-10,Pune,Cloud,Hybrid,56.43,10.51,66.31,2,40.03,Low,Consistent performer,91.74
10042,2024-02-11,Bengaluru,Cloud,Weekday,85.77,18.08,85.86,0,76.73,Middle,Improving steadily,100.0
10043,2024-02-12,Bengaluru,Data Science,Weekday,59.74,7.15,92.21,2,68.7,Low,Needs more revision,94.61
10044,2024-02-13,Pune,Data Science,Weekday,81.4,,73.27,3,86.06,High,Consistent performer,100.0
10045,2024-02-14,Bengaluru,Cloud,Weekday,68.24,5.66,61.73,1,50.33,,Improving steadily,87.49
10046,2024-02-15,Bengaluru,AI Foundations,Weekday,65.24,4.85,98.0,1,66.33,Middle,Improving steadily,93.87
10047,2024-02-16,Pune,Data Science,Weekend,73.14,3.8,61.01,5,43.65,Middle,Improving steadily,88.42
10048,2024-02-17,Pune,Full Stack,Weekday,75.98,26.63,59.0,3,87.34,Middle,Consistent performer,100.0
10049,2024-02-18,Bengaluru,Cloud,Hybrid,70.91,11.6,42.15,1,58.71,Middle,Irregular practice,86.82
10050,2024-02-19,Mumbai,Data Science,Hybrid,84.48,6.15,86.55,3,62.51,Upper-middle,Consistent performer,100.0
10051,2024-02-20,Mumbai,Full Stack,Weekday,73.09,14.69,80.56,3,72.59,Middle,Consistent performer,100.0
10052,2024-02-21,Mumbai,AI Foundations,Weekday,88.78,10.79,98.0,6,76.11,High,Irregular practice,100.0
10053,2024-02-22,Bengaluru,Cloud,Weekday,81.09,21.79,47.55,1,73.38,Middle,Improving steadily,100.0
10054,2024-02-23,Bengaluru,Data Science,Weekend,70.33,3.15,87.41,5,45.78,Upper-middle,Improving steadily,87.66
10055,2024-02-24,Bengaluru,AI Foundations,Weekday,68.47,6.39,67.98,1,60.14,Upper-middle,Excellent classroom participation,83.43
10056,2024-02-25,Bengaluru,Data Science,Hybrid,59.88,5.73,78.29,4,56.36,High,Needs more revision,90.78
10057,2024-02-26,Pune,AI Foundations,Weekend,81.2,2.5,43.93,1,49.1,Middle,Excellent classroom participation,65.87
10058,2024-02-27,Delhi,Data Science,Weekend,74.1,13.24,87.55,4,81.63,Middle,Improving steadily,100.0
10059,2024-02-28,Mumbai,Full Stack,Weekend,51.91,6.37,78.01,6,70.29,Middle,Consistent performer,95.19
10060,2024-02-29,Mumbai,Full Stack,Hybrid,72.11,11.1,66.46,2,55.68,Middle,Consistent performer,94.9
10061,2024-03-01,Bengaluru,Data Science,Weekday,68.09,27.06,76.03,4,92.24,Middle,Needs more revision,100.0
10062,2024-03-02,Delhi,AI Foundations,Weekday,95.33,6.08,56.28,3,,High,Irregular practice,95.05
10063,2024-03-03,Delhi,Data Science,Weekday,59.27,5.86,58.89,2,45.82,High,Needs more revision,77.03
10064,2024-03-04,Bengaluru,Data Science,Hybrid,62.15,7.89,60.51,3,65.66,Middle,Consistent performer,87.52
10065,2024-03-05,Delhi,Data Science,Weekend,90.21,12.72,41.06,2,67.0,Middle,Improving steadily,91.06
10066,2024-03-06,Delhi,Cloud,Weekend,92.92,5.41,79.06,5,,Upper-middle,Improving steadily,92.57
10067,2024-03-07,Delhi,Cloud,Weekday,69.81,5.22,83.68,1,57.87,,Needs more revision,96.97
10068,2024-03-08,Pune,AI Foundations,Hybrid,71.05,13.22,57.18,3,62.59,Middle,Excellent classroom participation,100.0
10069,2024-03-09,Mumbai,Data Science,Weekday,84.78,9.1,71.87,1,67.5,Middle,Improving steadily,100.0
10070,2024-03-10,Pune,Full Stack,Weekday,52.4,2.4,,6,33.48,Upper-middle,Excellent classroom participation,67.09
10071,2024-03-11,Mumbai,Data Science,Hybrid,57.53,3.77,,5,40.8,Middle,Needs more revision,82.22
10072,2024-03-12,Pune,Full Stack,Weekday,74.91,16.87,58.21,3,73.8,Middle,Needs more revision,100.0
10073,2024-03-13,Hyderabad,AI Foundations,Weekday,95.05,9.22,54.63,1,,High,Improving steadily,86.8
10074,2024-03-14,Mumbai,Cloud,Weekend,73.21,4.86,81.73,0,56.46,,Needs more revision,88.99
10075,2024-03-15,Mumbai,Full Stack,Weekday,79.11,6.73,66.11,5,57.48,High,Improving steadily,89.15
10076,2024-03-16,Pune,Full Stack,Weekday,90.47,7.44,95.31,2,73.87,Upper-middle,Needs more revision,100.0
10077,2024-03-17,Pune,AI Foundations,Weekday,100.0,11.07,67.65,1,63.13,Middle,Excellent classroom participation,100.0
10078,2024-03-18,Bengaluru,Full Stack,Weekday,71.65,3.5,54.03,5,,Middle,Irregular practice,78.16
10079,2024-03-19,Delhi,Data Science,Hybrid,77.81,,84.18,4,67.55,Middle,Excellent classroom participation,90.23
10080,2024-03-20,Bengaluru,Full Stack,Weekend,98.04,8.59,75.83,3,66.0,Middle,Irregular practice,100.0
10081,2024-03-21,Bengaluru,Data Science,Weekday,61.26,6.99,77.18,4,56.44,Middle,Irregular practice,86.55
10082,2024-03-22,Pune,Data Science,Weekday,89.3,10.12,83.67,4,70.16,,Consistent performer,100.0
10083,2024-03-23,Bengaluru,Data Science,Weekday,66.8,3.76,57.86,1,,Middle,Consistent performer,71.31
10084,2024-03-24,Mumbai,Full Stack,Weekend,79.13,8.99,65.22,10,73.38,Upper-middle,Irregular practice,96.39
10085,2024-03-25,Mumbai,Cloud,Hybrid,75.33,13.47,64.6,3,73.26,,Irregular practice,100.0
10086,2024-03-26,Mumbai,Data Science,Hybrid,67.46,,48.93,3,63.15,Middle,Irregular practice,81.96
10087,2024-03-27,Bengaluru,Full Stack,Weekday,67.19,7.98,63.31,6,52.16,Low,Excellent classroom participation,86.44
10088,2024-03-28,Delhi,AI Foundations,Weekday,81.04,7.01,85.71,2,61.29,Middle,Consistent performer,100.0
10089,2024-03-29,Mumbai,Cloud,Weekday,88.95,4.67,70.32,5,,Upper-middle,Irregular practice,87.05
10090,2024-03-30,Delhi,Full Stack,Weekend,76.57,7.1,48.16,1,,Middle,Irregular practice,78.42
10091,2024-03-31,Mumbai,Data Science,Weekday,78.77,14.77,45.22,3,,Middle,Improving steadily,87.46
10092,2024-04-01,Bengaluru,AI Foundations,Weekend,84.28,6.92,90.31,4,77.53,Upper-middle,Excellent classroom participation,100.0
10093,2024-04-02,Pune,Data Science,Weekend,67.31,4.53,65.74,3,59.35,Middle,Improving steadily,86.38
10094,2024-04-03,Pune,Data Science,Weekday,86.14,,57.94,2,,Low,Irregular practice,87.64
10095,2024-04-04,Pune,AI Foundations,Weekday,87.01,8.25,63.16,2,62.59,Middle,Needs more revision,95.18
10096,2024-04-05,Delhi,Full Stack,Weekday,100.0,6.02,46.32,3,,Low,Excellent classroom participation,84.43
10097,2024-04-06,Pune,Cloud,Weekday,73.86,,86.92,1,76.28,Middle,Needs more revision,98.81
10098,2024-04-07,Mumbai,Full Stack,Weekday,72.96,9.85,61.5,1,48.67,Middle,Consistent performer,84.21
10099,2024-04-08,Mumbai,Cloud,Weekend,86.46,12.05,86.14,4,73.08,,Needs more revision,100.0
10100,2024-04-09,Hyderabad,Data Science,Weekday,87.01,16.17,67.72,3,72.49,Low,Consistent performer,100.0
10101,2024-04-10,Hyderabad,Data Science,Weekday,72.11,12.78,87.01,3,80.87,Middle,Consistent performer,100.0
10102,2024-04-11,Bengaluru,Data Science,Weekend,73.57,4.42,70.59,2,49.25,Low,Irregular practice,83.37
10103,2024-04-12,Mumbai,Data Science,Weekend,83.95,4.5,78.95,3,,Upper-middle,Improving steadily,86.14
10104,2024-04-13,Hyderabad,AI Foundations,Weekday,68.9,,77.07,5,53.08,Low,,85.57
10105,2024-04-14,Bengaluru,Data Science,Hybrid,73.48,5.77,75.73,2,58.39,Middle,Consistent performer,90.85
10106,2024-04-15,Bengaluru,Full Stack,Hybrid,78.99,3.95,71.87,2,54.57,Middle,Needs more revision,81.47
10107,2024-04-16,Pune,Cloud,Weekend,88.96,5.8,63.74,1,67.01,Middle,Excellent classroom participation,83.28
10108,2024-04-17,Mumbai,Cloud,Weekend,71.35,5.69,93.82,3,71.56,Low,Improving steadily,90.07
10109,2024-04-18,Mumbai,Full Stack,Weekday,57.73,5.11,54.3,5,48.77,Upper-middle,Improving steadily,68.55
10110,2024-04-19,Hyderabad,Full Stack,Hybrid,56.92,6.21,67.06,6,55.48,Upper-middle,Excellent classroom participation,83.06
10111,2024-04-20,Pune,AI Foundations,Weekday,64.15,14.13,67.21,6,78.09,Low,Excellent classroom participation,100.0
10112,2024-04-21,Mumbai,Cloud,Hybrid,63.56,8.24,72.63,2,56.98,Low,Improving steadily,85.68
10113,2024-04-22,Pune,AI Foundations,Weekend,76.3,28.77,60.99,1,90.24,High,Irregular practice,100.0
10114,2024-04-23,Delhi,AI Foundations,Weekday,64.92,8.12,71.41,2,52.22,,Improving steadily,87.84
10115,2024-04-24,Mumbai,Cloud,Weekday,70.27,6.3,64.64,5,66.15,Low,Improving steadily,92.9
10116,2024-04-25,Hyderabad,Data Science,Weekend,69.49,,44.85,3,,Middle,Consistent performer,78.66
10117,2024-04-26,Bengaluru,Full Stack,Weekend,73.15,8.51,67.13,3,54.01,Middle,Needs more revision,87.25
10118,2024-04-27,Bengaluru,Data Science,Weekday,92.55,9.39,51.59,1,,Upper-middle,Consistent performer,91.31
10119,2024-04-28,Pune,Cloud,Weekend,85.28,23.15,42.72,4,77.66,Middle,Excellent classroom participation,97.19
10120,2024-04-29,Delhi,AI Foundations,Hybrid,78.18,4.64,68.92,5,,,Improving steadily,88.66
10121,2024-04-30,Delhi,Full Stack,Weekday,72.93,11.85,73.83,1,64.1,,Consistent performer,92.46
10122,2024-05-01,Delhi,Full Stack,Weekday,73.23,8.28,74.37,2,57.32,Middle,Improving steadily,97.71
10123,2024-05-02,Mumbai,Data Science,Weekday,81.61,3.11,74.94,2,56.73,Middle,Consistent performer,81.5
10124,2024-05-03,Pune,AI Foundations,Weekend,84.43,11.29,39.94,0,49.3,Middle,Consistent performer,89.56
10125,2024-05-04,Mumbai,Data Science,Weekday,68.02,14.84,47.95,3,58.17,Middle,Irregular practice,86.23
10126,2024-05-05,Delhi,Data Science,Hybrid,78.4,4.61,94.63,2,54.73,Low,Consistent performer,89.85
10127,2024-05-06,Pune,Data Science,Weekday,55.65,7.35,,5,51.67,Middle,Consistent performer,83.16
10128,2024-05-07,Mumbai,Data Science,Weekend,80.33,,75.55,6,,Upper-middle,Improving steadily,91.64
10129,2024-05-08,Mumbai,Full Stack,Weekday,86.38,3.7,57.38,4,44.53,Low,,88.66
10130,2024-05-09,Delhi,Full Stack,Weekday,74.92,13.15,68.12,1,69.6,Middle,Improving steadily,98.64
10131,2024-05-10,Mumbai,Data Science,Weekend,97.98,5.72,58.13,1,56.86,Middle,Irregular practice,98.07
10132,2024-05-11,Hyderabad,Data Science,Weekday,68.31,4.02,74.86,1,61.13,Middle,Improving steadily,80.43
10133,2024-05-12,Delhi,Data Science,Weekend,80.39,8.38,68.91,1,64.68,,Improving steadily,99.5
10134,2024-05-13,Pune,Full Stack,Hybrid,77.61,5.54,60.72,7,,Upper-middle,Consistent performer,81.29
10135,2024-05-14,Delhi,Data Science,Hybrid,76.9,,52.3,3,43.69,Upper-middle,Improving steadily,82.17
10136,2024-05-15,Mumbai,Cloud,Hybrid,76.74,11.1,70.75,0,57.35,Low,Consistent performer,82.52
10137,2024-05-16,Hyderabad,Data Science,Weekday,79.18,,50.02,3,39.4,Middle,Needs more revision,67.48
10138,2024-05-17,Delhi,Data Science,Weekend,87.33,4.49,72.98,4,55.63,Middle,Excellent classroom participation,92.1
10139,2024-05-18,Bengaluru,Full Stack,Hybrid,93.16,8.04,98.0,1,66.48,Middle,Consistent performer,99.69
10140,2024-05-19,Mumbai,Full Stack,Weekday,77.98,12.59,85.9,5,75.83,Low,Improving steadily,100.0
10141,2024-05-20,Delhi,Data Science,Weekday,86.97,14.6,77.06,6,66.77,Middle,Needs more revision,100.0
10142,2024-05-21,Delhi,Data Science,Weekend,70.28,,65.8,3,40.04,Middle,Excellent classroom participation,78.4
10143,2024-05-22,Hyderabad,AI Foundations,Weekday,86.43,12.37,39.86,4,60.53,Middle,Needs more revision,85.34
10144,2024-05-23,Delhi,Data Science,Weekend,69.62,4.8,48.49,2,,Low,Consistent performer,70.59
10145,2024-05-24,Delhi,Full Stack,Hybrid,90.0,,84.96,6,80.83,Upper-middle,Excellent classroom participation,100.0
10146,2024-05-25,Mumbai,Full Stack,Weekend,100.0,3.96,55.94,2,38.16,High,Consistent performer,79.71
10147,2024-05-26,Pune,Data Science,Weekday,76.66,15.34,57.21,1,70.21,Middle,Irregular practice,98.19
10148,2024-05-27,Delhi,Full Stack,Weekday,53.88,5.15,64.68,4,63.86,,Consistent performer,79.31
10149,2024-05-28,Pune,Cloud,Weekday,71.97,22.36,52.13,2,73.25,Low,Improving steadily,100.0
10150,2024-05-29,Mumbai,AI Foundations,Weekday,91.55,10.23,49.83,2,53.09,,Irregular practice,86.83
10151,2024-05-30,Bengaluru,Data Science,Weekend,84.08,4.23,66.29,3,60.59,,Improving steadily,93.92
10152,2024-05-31,Hyderabad,Data Science,Hybrid,80.74,5.54,54.52,3,,Low,Improving steadily,73.61
10153,2024-06-01,Mumbai,Data Science,Weekday,89.1,11.35,56.63,3,75.52,Upper-middle,Consistent performer,99.92
10154,2024-06-02,Delhi,Full Stack,Weekday,83.33,13.18,56.06,3,82.19,High,Excellent classroom participation,100.0
10155,2024-06-03,Mumbai,Cloud,Hybrid,91.39,7.11,74.31,3,,High,Irregular practice,99.97
10156,2024-06-04,Bengaluru,Data Science,Weekday,88.11,7.57,63.75,4,55.78,High,Improving steadily,91.81
10157,2024-06-05,Pune,Data Science,Weekend,94.74,11.21,64.5,3,57.34,Middle,Irregular practice,100.0
10158,2024-06-06,Delhi,AI Foundations,Weekday,81.95,7.94,75.36,3,60.3,Low,Improving steadily,97.92
10159,2024-06-07,Bengaluru,Data Science,Weekend,87.96,3.63,65.01,4,47.07,Upper-middle,Improving steadily,80.62
10160,2024-06-08,Bengaluru,Full Stack,Weekday,74.62,4.72,63.1,3,57.92,Middle,Consistent performer,86.63
10161,2024-06-09,Mumbai,Cloud,Weekend,71.38,8.41,73.59,3,61.51,Middle,Improving steadily,100.0
10162,2024-06-10,Hyderabad,Data Science,Weekday,96.77,14.42,76.35,5,66.58,Middle,Excellent classroom participation,100.0
10163,2024-06-11,Mumbai,Data Science,Weekend,80.38,17.97,64.94,4,73.4,Middle,Improving steadily,100.0
10164,2024-06-12,Mumbai,Data Science,Weekday,86.85,11.34,68.13,2,69.06,Low,Consistent performer,100.0
10165,2024-06-13,Delhi,AI Foundations,Weekday,79.36,8.65,56.05,5,,,Improving steadily,80.61
10166,2024-06-14,Pune,Data Science,Weekend,71.55,11.15,54.95,4,45.52,Low,Excellent classroom participation,92.28
10167,2024-06-15,Bengaluru,Data Science,Weekday,78.12,,77.77,3,74.64,Upper-middle,Irregular practice,88.08
10168,2024-06-16,Bengaluru,Data Science,Weekday,93.8,6.79,73.23,3,54.36,Upper-middle,Needs more revision,93.05
10169,2024-06-17,Pune,Data Science,Weekday,84.11,4.7,73.37,5,,Middle,Needs more revision,100.0
10170,2024-06-18,Hyderabad,Cloud,Weekday,59.17,3.72,70.93,3,50.06,Middle,Consistent performer,75.8
10171,2024-06-19,Pune,Data Science,Weekday,75.63,8.88,67.65,2,64.92,Middle,Needs more revision,89.32
10172,2024-06-20,Delhi,Full Stack,Hybrid,97.61,8.18,76.75,7,77.63,High,Irregular practice,100.0
10173,2024-06-21,Mumbai,Full Stack,Weekday,75.65,,80.09,3,74.02,Upper-middle,Consistent performer,97.96
10174,2024-06-22,Hyderabad,AI Foundations,Weekend,58.19,9.98,79.76,3,55.71,Middle,Improving steadily,91.07
10175,2024-06-23,Mumbai,Data Science,Hybrid,98.82,8.44,65.59,2,47.8,Low,Consistent performer,100.0
10176,2024-06-24,Mumbai,AI Foundations,Weekday,85.51,10.04,86.42,2,67.76,Middle,Consistent performer,100.0
10177,2024-06-25,Pune,Cloud,Weekend,77.23,7.22,70.2,0,56.71,Middle,Irregular practice,79.84
10178,2024-06-26,Hyderabad,Data Science,Hybrid,73.91,9.27,75.85,2,,,Improving steadily,97.13
10179,2024-06-27,Hyderabad,Cloud,Weekend,89.91,4.96,70.95,2,61.91,Upper-middle,Needs more revision,87.0
10180,2024-06-28,Bengaluru,AI Foundations,Weekday,72.04,9.06,70.46,4,53.41,Middle,Consistent performer,100.0
10181,2024-06-29,Hyderabad,Data Science,Weekday,90.63,10.67,56.7,4,70.6,Upper-middle,Irregular practice,94.81
10182,2024-06-30,Hyderabad,AI Foundations,Weekday,83.96,5.11,76.82,2,72.82,Middle,Irregular practice,97.2
10183,2024-07-01,Delhi,Full Stack,Weekend,80.69,7.6,98.0,2,70.04,Upper-middle,Consistent performer,100.0
10184,2024-07-02,Pune,Full Stack,Hybrid,79.6,5.24,61.75,2,55.21,,Improving steadily,78.28
10185,2024-07-03,Bengaluru,AI Foundations,Hybrid,76.08,5.53,67.99,4,45.14,Middle,Needs more revision,84.88
10186,2024-07-04,Bengaluru,Full Stack,Weekday,89.5,3.98,60.75,2,,High,Improving steadily,84.43
10187,2024-07-05,Pune,AI Foundations,Weekend,68.48,14.82,60.17,4,63.29,Middle,Needs more revision,92.21
10188,2024-07-06,Mumbai,Data Science,Weekday,60.16,13.28,,1,68.76,Upper-middle,Excellent classroom participation,100.0
10189,2024-07-07,Bengaluru,Cloud,Hybrid,84.76,9.93,57.58,4,55.48,High,Irregular practice,93.28
10190,2024-07-08,Mumbai,Full Stack,Weekday,84.94,21.86,60.36,3,75.6,,Needs more revision,100.0
10191,2024-07-09,Hyderabad,Data Science,Hybrid,83.28,,44.78,4,,Low,Consistent performer,81.55
10192,2024-07-10,Mumbai,Full Stack,Hybrid,82.49,35.0,56.39,7,100.0,Upper-middle,Needs more revision,100.0
10193,2024-07-11,Mumbai,Data Science,Weekday,74.47,6.52,43.08,1,39.19,Middle,Consistent performer,76.73
10194,2024-07-12,Bengaluru,Data Science,Weekday,86.66,8.5,75.85,0,77.46,Low,Needs more revision,96.3
10195,2024-07-13,Mumbai,Data Science,Hybrid,77.5,,98.0,1,58.59,Middle,Consistent performer,95.12
10196,2024-07-14,Mumbai,Data Science,Weekday,72.64,,61.87,4,71.18,Upper-middle,Irregular practice,93.84
10197,2024-07-15,Delhi,Data Science,Weekend,74.57,11.7,43.67,3,46.41,Middle,,86.29
10198,2024-07-16,Hyderabad,Data Science,Hybrid,100.0,6.94,79.6,2,62.61,Middle,Excellent classroom participation,97.18
10199,2024-07-17,Mumbai,Cloud,Weekend,58.92,19.63,,3,70.02,Upper-middle,,100.0
10200,2024-07-18,Pune,Cloud,Weekday,83.5,8.43,85.19,4,64.91,Middle,Improving steadily,92.39
10201,2024-07-19,Bengaluru,Cloud,Weekday,59.53,8.57,63.05,5,64.36,Upper-middle,Consistent performer,86.68
10202,2024-07-20,Hyderabad,Data Science,Weekday,76.81,4.48,58.15,1,60.79,Middle,Irregular practice,77.83
10203,2024-07-21,Delhi,AI Foundations,Hybrid,73.23,9.3,64.51,2,69.37,High,Consistent performer,87.64
10204,2024-07-22,Mumbai,Full Stack,Weekday,55.06,6.86,77.61,3,58.35,,Needs more revision,97.52
10205,2024-07-23,Mumbai,Data Science,Weekday,82.28,5.29,63.82,3,54.18,Low,Excellent classroom participation,86.69
10206,2024-07-24,Mumbai,Data Science,Weekday,73.82,4.82,60.05,4,43.96,Upper-middle,Improving steadily,82.24
10207,2024-07-25,Mumbai,Cloud,Hybrid,54.91,32.12,,3,90.57,Middle,Improving steadily,100.0
10208,2024-07-26,Bengaluru,Data Science,Weekday,87.24,6.39,49.19,1,38.83,Low,Needs more revision,80.88
10209,2024-07-27,Mumbai,Full Stack,Hybrid,93.79,3.32,72.56,5,49.79,Low,Consistent performer,80.48
10210,2024-07-28,Delhi,AI Foundations,Weekend,94.39,,41.99,3,44.45,,Excellent classroom participation,77.0
10211,2024-07-29,Bengaluru,Data Science,Hybrid,81.95,,60.78,7,,,Improving steadily,85.76
10212,2024-07-30,Delhi,Data Science,Hybrid,78.51,9.98,77.63,0,66.53,Middle,Improving steadily,96.45
10213,2024-07-31,Mumbai,AI Foundations,Hybrid,92.61,10.03,71.24,3,76.23,Low,Consistent performer,88.99
10214,2024-08-01,Bengaluru,Full Stack,Hybrid,96.51,10.72,75.26,3,76.07,Middle,Consistent performer,100.0
10215,2024-08-02,Bengaluru,Data Science,Weekday,90.47,5.18,66.09,5,48.87,Middle,Irregular practice,98.31
10216,2024-08-03,Bengaluru,AI Foundations,Weekend,67.64,8.91,83.38,2,56.49,Middle,Improving steadily,100.0
10217,2024-08-04,Mumbai,AI Foundations,Weekend,80.21,,79.95,4,62.41,Middle,Needs more revision,98.58
10218,2024-08-05,Mumbai,Full Stack,Weekend,82.83,,73.25,1,,Low,Irregular practice,92.74
10219,2024-08-06,Hyderabad,Cloud,Hybrid,58.09,4.46,79.99,4,67.46,,Improving steadily,89.84
10220,2024-08-07,Pune,Data Science,Hybrid,83.16,,77.51,4,54.7,Middle,Consistent performer,85.38
10221,2024-08-08,Pune,Data Science,Weekend,100.0,13.27,60.85,0,79.59,Middle,Consistent performer,97.33
10222,2024-08-09,Delhi,Full Stack,Weekday,85.04,,48.19,4,41.21,Low,Improving steadily,95.3
10223,2024-08-10,Bengaluru,Data Science,Weekday,94.21,12.64,72.89,6,76.64,Low,Consistent performer,100.0
10224,2024-08-11,Hyderabad,Cloud,Weekday,80.01,7.55,74.65,2,60.62,Middle,Improving steadily,100.0
10225,2024-08-12,Pune,AI Foundations,Weekday,77.19,11.33,82.27,1,68.63,,Improving steadily,99.25
10226,2024-08-13,Hyderabad,Data Science,Weekday,82.19,2.8,53.89,0,,Middle,Consistent performer,78.98
10227,2024-08-14,Mumbai,Full Stack,Weekday,69.03,11.88,54.31,3,64.4,Upper-middle,Irregular practice,91.27
10228,2024-08-15,Delhi,Data Science,Weekday,67.4,8.15,73.44,4,67.3,Middle,Consistent performer,100.0
10229,2024-08-16,Delhi,AI Foundations,Weekend,91.93,10.43,66.0,3,76.72,Middle,Consistent performer,100.0
10230,2024-08-17,Mumbai,Data Science,Weekday,93.1,9.11,40.6,4,56.82,Middle,Improving steadily,83.88
10231,2024-08-18,Mumbai,Cloud,Hybrid,67.1,4.29,72.25,1,50.06,Low,Improving steadily,77.89
10232,2024-08-19,Pune,Full Stack,Weekend,88.65,3.24,41.07,1,30.96,Middle,Consistent performer,61.23
10233,2024-08-20,Hyderabad,Full Stack,Weekday,77.04,4.99,53.77,4,,Middle,Improving steadily,70.72
10234,2024-08-21,Delhi,Cloud,Weekday,81.74,10.08,85.92,1,82.59,,Irregular practice,100.0
10235,2024-08-22,Hyderabad,Cloud,Weekday,83.06,10.8,92.55,1,68.78,Low,Excellent classroom participation,100.0
10236,2024-08-23,Bengaluru,Full Stack,Hybrid,88.94,3.48,49.98,5,55.25,Upper-middle,Excellent classroom participation,79.82
10237,2024-08-24,Delhi,Cloud,Weekday,78.91,4.31,62.39,6,54.6,High,Consistent performer,87.57
10238,2024-08-25,Bengaluru,AI Foundations,Weekend,93.51,4.96,67.6,2,56.5,Low,Consistent performer,78.38
10239,2024-08-26,Mumbai,Full Stack,Hybrid,81.4,6.07,91.94,2,64.24,Middle,Improving steadily,100.0
10240,2024-08-27,Mumbai,Full Stack,Hybrid,84.87,3.49,60.1,2,,Upper-middle,Needs more revision,77.1
10241,2024-08-28,Bengaluru,Data Science,Weekday,68.83,3.38,60.32,1,47.77,Middle,Excellent classroom participation,76.8
10242,2024-08-29,Bengaluru,Cloud,Weekday,100.0,4.7,88.68,4,59.95,Upper-middle,Consistent performer,100.0
10243,2024-08-30,Mumbai,Full Stack,Weekday,83.17,,61.75,1,61.53,Middle,Consistent performer,97.49
10244,2024-08-31,Delhi,Full Stack,Weekday,85.84,3.86,77.11,1,55.11,High,Consistent performer,84.81
10245,2024-09-01,Delhi,Data Science,Weekday,60.31,6.93,46.32,2,41.24,High,Consistent performer,63.37
10246,2024-09-02,Hyderabad,AI Foundations,Weekend,68.95,13.23,64.6,2,71.35,Low,,96.59
10247,2024-09-03,Delhi,Full Stack,Hybrid,91.62,3.61,43.77,1,,Middle,Improving steadily,72.69
10248,2024-09-04,Pune,Cloud,Weekend,81.16,6.6,52.22,2,,Middle,Improving steadily,77.3
10249,2024-09-05,Pune,Data Science,Weekend,56.95,12.98,78.75,5,68.88,Low,Consistent performer,100.0
10250,2024-09-06,Pune,AI Foundations,Weekday,89.42,5.87,66.3,2,,Middle,,84.54
10251,2024-09-07,Delhi,Data Science,Weekend,72.02,5.39,62.53,1,66.18,High,Excellent classroom participation,76.05
10252,2024-09-08,Hyderabad,Data Science,Weekend,93.52,14.01,56.52,2,76.63,Low,Needs more revision,100.0
10253,2024-09-09,Pune,AI Foundations,Hybrid,77.03,6.24,63.91,3,61.44,Middle,Improving steadily,83.92
10254,2024-09-10,Mumbai,AI Foundations,Hybrid,80.25,13.56,71.22,2,67.0,Upper-middle,Improving steadily,99.8
10255,2024-09-11,Mumbai,Data Science,Weekday,90.97,9.36,80.76,5,64.84,Middle,Improving steadily,100.0
10256,2024-09-12,Bengaluru,Full Stack,Weekday,68.13,6.12,30.25,3,50.07,,Excellent classroom participation,78.77
10257,2024-09-13,Bengaluru,Cloud,Weekday,67.08,9.62,55.36,3,53.43,High,Improving steadily,87.57
10258,2024-09-14,Mumbai,AI Foundations,Weekday,75.84,8.81,69.23,8,56.07,Middle,,98.23
10259,2024-09-15,Mumbai,Full Stack,Hybrid,87.1,12.96,65.62,5,81.53,Low,Excellent classroom participation,100.0
10260,2024-09-16,Delhi,Full Stack,Weekday,63.36,5.47,72.65,3,56.6,,Consistent performer,87.39
10261,2024-09-17,Mumbai,Cloud,Weekend,59.65,7.56,70.75,3,73.83,High,Consistent performer,98.7
10262,2024-09-18,Bengaluru,Cloud,Weekend,87.06,7.14,62.73,5,,Middle,Consistent performer,95.02
10263,2024-09-19,Pune,Cloud,Weekday,71.37,10.88,59.62,3,64.48,Middle,Consistent performer,96.65
10264,2024-09-20,Mumbai,Full Stack,Weekday,73.69,,63.56,2,67.32,Low,Improving steadily,85.44
10265,2024-09-21,Hyderabad,Data Science,Weekend,57.58,12.93,83.08,2,74.6,Middle,Consistent performer,93.7
10266,2024-09-22,Mumbai,AI Foundations,Weekend,70.53,9.55,56.75,3,54.66,High,Consistent performer,83.6
10267,2024-09-23,Pune,AI Foundations,Weekday,77.92,3.58,66.12,2,,Middle,Consistent performer,75.71
10268,2024-09-24,Mumbai,Cloud,Weekday,88.23,14.36,69.57,3,79.38,High,Improving steadily,100.0
10269,2024-09-25,Mumbai,Data Science,Weekend,69.52,25.25,88.84,0,91.74,Middle,,100.0
10270,2024-09-26,Mumbai,Data Science,Weekday,96.23,12.82,62.8,3,64.29,Middle,Irregular practice,93.1
10271,2024-09-27,Mumbai,Cloud,Hybrid,70.47,16.2,80.42,2,68.85,Upper-middle,Consistent performer,99.07
10272,2024-09-28,Mumbai,Data Science,Weekday,70.49,,84.25,1,78.53,Middle,Consistent performer,96.91
10273,2024-09-29,Mumbai,AI Foundations,Weekday,94.91,,66.11,6,59.02,Middle,Irregular practice,85.48
10274,2024-09-30,Delhi,Full Stack,Weekday,80.33,2.68,64.05,3,,Upper-middle,Improving steadily,71.37
10275,2024-10-01,Bengaluru,Cloud,Weekend,71.93,8.5,62.39,4,48.3,Middle,Improving steadily,90.28
10276,2024-10-02,Pune,AI Foundations,Weekend,76.29,5.34,63.42,3,64.9,Middle,Improving steadily,82.75
10277,2024-10-03,Pune,Full Stack,Weekday,92.88,4.47,78.96,6,55.2,High,Needs more revision,99.88
10278,2024-10-04,Delhi,Data Science,Hybrid,94.13,7.14,70.23,6,,Middle,Irregular practice,96.27
10279,2024-10-05,Hyderabad,Full Stack,Weekday,69.02,10.37,70.29,2,50.16,Middle,Improving steadily,95.6
10280,2024-10-06,Hyderabad,Full Stack,Weekday,77.53,3.32,51.25,7,38.54,Low,Improving steadily,75.73
10281,2024-10-07,Mumbai,Full Stack,Weekday,78.99,5.77,53.46,1,,Middle,Improving steadily,70.4
10282,2024-10-08,Mumbai,Full Stack,Weekday,67.15,16.95,97.01,5,82.49,,Consistent performer,100.0
10283,2024-10-09,Mumbai,AI Foundations,Weekend,77.39,4.09,64.51,4,56.94,Upper-middle,Consistent performer,76.03
10284,2024-10-10,Mumbai,Full Stack,Weekday,78.06,11.92,56.15,2,57.53,Middle,,92.42
10285,2024-10-11,Delhi,Data Science,Weekend,90.54,5.66,87.04,4,66.63,Upper-middle,Improving steadily,96.02
10286,2024-10-12,Pune,Full Stack,Weekday,91.28,9.98,70.95,4,58.1,Middle,Needs more revision,100.0
10287,2024-10-13,Mumbai,Full Stack,Hybrid,74.38,13.51,75.09,2,72.28,Middle,,95.73
10288,2024-10-14,Pune,Data Science,Weekday,75.65,11.11,65.07,3,78.53,Middle,Irregular practice,98.78
10289,2024-10-15,Delhi,Data Science,Hybrid,85.31,12.18,62.54,3,61.07,Upper-middle,Consistent performer,100.0
10290,2024-10-16,Mumbai,Cloud,Weekday,71.56,3.92,64.63,3,53.82,Middle,Consistent performer,85.15
10291,2024-10-17,Bengaluru,Data Science,Weekday,84.48,13.63,47.64,3,,Middle,Improving steadily,89.25
10292,2024-10-18,Mumbai,AI Foundations,Hybrid,77.03,4.62,65.77,0,64.62,Upper-middle,Excellent classroom participation,82.47
10293,2024-10-19,Hyderabad,Data Science,Weekend,67.34,8.52,71.14,3,57.69,,Improving steadily,92.65
10294,2024-10-20,Mumbai,Data Science,Weekend,67.47,8.52,92.91,2,79.69,Middle,Excellent classroom participation,100.0
10295,2024-10-21,Hyderabad,Cloud,Weekday,93.92,9.65,68.2,8,61.11,High,Needs more revision,95.29
10296,2024-10-22,Hyderabad,AI Foundations,Weekend,76.28,8.89,34.32,2,,Middle,Irregular practice,73.15
10297,2024-10-23,Hyderabad,Data Science,Hybrid,96.04,4.65,65.68,3,57.82,Low,Irregular practice,100.0
10298,2024-10-24,Bengaluru,Data Science,Weekend,72.35,3.52,98.0,5,61.46,Middle,Improving steadily,93.05
10299,2024-10-25,Bengaluru,Data Science,Weekday,81.2,11.94,79.13,4,79.64,Low,,97.8
10300,2024-10-26,Delhi,Full Stack,Weekend,100.0,8.18,55.65,4,,Middle,Consistent performer,89.26
10301,2024-10-27,Bengaluru,Full Stack,Weekend,66.37,13.9,75.28,2,78.73,,Consistent performer,87.67
10302,2024-10-28,Mumbai,Data Science,Hybrid,57.12,7.21,56.61,2,49.61,Low,Consistent performer,81.78
10303,2024-10-29,Delhi,Data Science,Weekday,92.15,3.41,48.05,2,45.22,Upper-middle,Needs more revision,79.31
10304,2024-10-30,Delhi,Full Stack,Weekday,68.91,12.57,62.12,4,60.63,High,Irregular practice,90.41
10305,2024-10-31,Hyderabad,AI Foundations,Weekend,77.77,6.03,68.28,1,56.37,Middle,Consistent performer,82.9
10306,2024-11-01,Delhi,Cloud,Weekend,71.55,8.92,40.79,3,,Upper-middle,Improving steadily,84.69
10307,2024-11-02,Pune,Full Stack,Weekend,80.95,5.18,50.91,4,,Upper-middle,Consistent performer,70.34
10308,2024-11-03,Delhi,Data Science,Weekday,67.54,18.25,67.14,0,76.6,High,Consistent performer,94.61
10309,2024-11-04,Mumbai,Data Science,Weekday,76.02,,61.29,5,46.01,Middle,Consistent performer,81.51
10310,2024-11-05,Mumbai,Data Science,Weekend,82.95,6.14,72.53,4,57.63,Low,Consistent performer,89.16
10311,2024-11-06,Delhi,Cloud,Weekday,66.91,7.84,49.99,4,,Middle,Improving steadily,81.22
10312,2024-11-07,Pune,AI Foundations,Weekday,70.3,4.05,77.0,0,,Middle,Irregular practice,73.31
10313,2024-11-08,Mumbai,AI Foundations,Weekend,74.18,8.86,50.43,2,51.73,Low,Consistent performer,85.79
10314,2024-11-09,Pune,AI Foundations,Weekend,62.28,17.93,90.0,3,77.94,Middle,Irregular practice,100.0
10315,2024-11-10,Pune,AI Foundations,Hybrid,73.35,5.64,42.98,3,62.7,Low,Improving steadily,80.48
10316,2024-11-11,Pune,AI Foundations,Weekday,79.31,9.18,51.7,2,62.35,High,Improving steadily,88.8
10317,2024-11-12,Pune,Data Science,Weekday,73.6,1.63,72.84,1,52.73,Middle,Consistent performer,72.54
10318,2024-11-13,Bengaluru,Data Science,Hybrid,75.01,7.23,90.3,2,77.31,Low,Needs more revision,93.6
10319,2024-11-14,Pune,Data Science,Weekday,77.78,6.22,71.41,2,41.88,Low,Excellent classroom participation,89.43
10320,2024-11-15,Hyderabad,Full Stack,Weekday,70.79,4.71,74.88,3,36.24,Middle,Improving steadily,80.03
10321,2024-11-16,Hyderabad,Data Science,Weekday,85.6,13.39,67.25,5,64.84,Middle,Consistent performer,100.0
10322,2024-11-17,Delhi,AI Foundations,Weekend,93.8,6.18,52.63,5,38.15,Low,Excellent classroom participation,90.87
10323,2024-11-18,Pune,Cloud,Hybrid,72.89,6.7,60.14,2,,Middle,Consistent performer,79.78
10324,2024-11-19,Delhi,Full Stack,Weekend,83.34,6.0,50.03,5,,Middle,Excellent classroom participation,90.82
10325,2024-11-20,Hyderabad,Data Science,Weekend,75.36,2.57,49.1,5,,Middle,Consistent performer,78.77
10326,2024-11-21,Delhi,Data Science,Weekday,82.02,3.96,72.62,3,45.31,Middle,Irregular practice,88.16
10327,2024-11-22,Bengaluru,Data Science,Weekday,95.22,12.54,51.28,3,62.58,Middle,Consistent performer,93.22
10328,2024-11-23,Delhi,AI Foundations,Weekday,83.6,2.32,71.47,2,,Middle,Needs more revision,64.84
10329,2024-11-24,Delhi,Full Stack,Weekday,58.49,4.85,,2,47.97,Low,Improving steadily,77.18
10330,2024-11-25,Pune,Cloud,Weekday,82.99,5.93,71.15,2,,,Needs more revision,89.32
10331,2024-11-26,Bengaluru,Data Science,Weekday,91.56,19.28,60.16,2,85.91,Middle,Irregular practice,100.0
10332,2024-11-27,Mumbai,Full Stack,Weekday,75.56,11.28,86.69,3,72.35,Upper-middle,Improving steadily,100.0
10333,2024-11-28,Bengaluru,Full Stack,Weekend,88.95,,71.53,6,70.63,High,,91.53
10334,2024-11-29,Hyderabad,Cloud,Weekend,70.41,15.14,84.3,5,72.35,High,Consistent performer,100.0
10335,2024-11-30,Mumbai,Cloud,Weekday,61.66,,56.42,4,54.69,Middle,,81.6
10336,2024-12-01,Delhi,Data Science,Weekday,79.55,12.87,67.79,5,66.91,Middle,Improving steadily,96.74
10337,2024-12-02,Mumbai,AI Foundations,Weekend,58.68,3.5,53.26,1,42.3,Middle,Irregular practice,66.73
10338,2024-12-03,Bengaluru,Data Science,Weekend,75.36,,61.21,4,70.27,,Needs more revision,100.0
10339,2024-12-04,Mumbai,AI Foundations,Weekend,92.16,5.91,63.33,3,51.15,Upper-middle,Irregular practice,90.02
10340,2024-12-05,Hyderabad,Data Science,Weekday,56.99,4.2,56.84,4,26.42,Upper-middle,Improving steadily,77.37
10341,2024-12-06,Mumbai,Data Science,Hybrid,63.93,6.56,49.98,3,24.14,Upper-middle,Improving steadily,81.48
10342,2024-12-07,Hyderabad,AI Foundations,Weekday,66.65,8.61,,4,61.06,Middle,Consistent performer,83.57
10343,2024-12-08,Bengaluru,Data Science,Weekday,77.3,5.63,34.24,3,,Upper-middle,Needs more revision,62.22
10344,2024-12-09,Delhi,Full Stack,Weekday,73.98,10.02,52.21,2,70.63,Upper-middle,Irregular practice,83.57
10345,2024-12-10,Bengaluru,Full Stack,Weekday,93.39,5.36,75.78,1,58.08,Middle,Irregular practice,96.37
10346,2024-12-11,Bengaluru,Data Science,Weekday,88.5,10.39,44.62,2,42.41,High,Consistent performer,79.27
10347,2024-12-12,Hyderabad,Cloud,Weekday,83.45,9.42,47.85,1,,Low,Irregular practice,83.26
10348,2024-12-13,Mumbai,AI Foundations,Weekend,79.6,7.15,92.07,5,68.67,High,Needs more revision,100.0
10349,2024-12-14,Delhi,AI Foundations,Weekday,82.33,5.8,58.09,2,42.94,Upper-middle,Needs more revision,89.63
10350,2024-12-15,Mumbai,Data Science,Weekday,68.52,8.03,71.49,3,74.01,Low,Needs more revision,91.67
10351,2024-12-16,Delhi,Full Stack,Weekday,87.43,10.0,75.99,3,84.11,Middle,Consistent performer,100.0
10352,2024-12-17,Mumbai,Data Science,Weekday,65.77,22.97,76.28,4,92.19,Low,Needs more revision,100.0
10353,2024-12-18,Delhi,Data Science,Weekday,87.19,12.39,45.69,0,56.53,Upper-middle,Consistent performer,91.96
10354,2024-12-19,Delhi,Data Science,Weekday,91.05,12.64,63.77,2,,Upper-middle,Needs more revision,98.43
10355,2024-12-20,Delhi,AI Foundations,Weekday,80.32,35.0,44.34,7,100.0,Middle,Excellent classroom participation,100.0
10356,2024-12-21,Delhi,AI Foundations,Weekend,76.06,9.81,98.0,4,76.39,Upper-middle,Excellent classroom participation,100.0
10357,2024-12-22,Bengaluru,Cloud,Hybrid,82.4,9.65,44.67,4,49.19,Low,Improving steadily,88.55
10358,2024-12-23,Bengaluru,Full Stack,Weekday,46.52,10.88,,2,60.9,Middle,,85.96
10359,2024-12-24,Delhi,Full Stack,Weekend,81.32,4.24,52.43,1,,Middle,Excellent classroom participation,72.15
10360,2024-12-25,Delhi,Full Stack,Hybrid,76.75,5.79,46.05,3,46.74,Low,Consistent performer,82.28
10361,2024-12-26,Hyderabad,Full Stack,Hybrid,77.44,5.59,85.94,4,51.64,Middle,Excellent classroom participation,93.84
10362,2024-12-27,Mumbai,Full Stack,Weekend,85.77,10.55,98.0,3,85.73,Middle,Improving steadily,100.0
10363,2024-12-28,Mumbai,Data Science,Hybrid,77.18,6.71,60.34,1,52.73,Middle,Consistent performer,86.32
10364,2024-12-29,Mumbai,Data Science,Hybrid,65.46,7.97,,5,59.66,Middle,Needs more revision,87.3
10365,2024-12-30,Delhi,AI Foundations,Weekend,76.44,13.44,35.68,5,52.29,Upper-middle,Excellent classroom participation,84.46
10366,2024-12-31,Pune,Full Stack,Weekday,78.74,11.88,63.58,3,62.72,Middle,Irregular practice,93.26
10367,2025-01-01,Bengaluru,AI Foundations,Weekday,79.26,,62.57,2,44.95,Upper-middle,,92.33
10368,2025-01-02,Bengaluru,Data Science,Weekday,79.78,5.11,57.88,4,55.81,Middle,Irregular practice,88.27
10369,2025-01-03,Pune,Full Stack,Weekday,89.43,,70.1,3,62.99,Middle,Irregular practice,98.21
10370,2025-01-04,Hyderabad,Data Science,Weekday,66.05,11.31,72.53,6,62.97,,Consistent performer,100.0
10371,2025-01-05,Bengaluru,Data Science,Weekday,79.93,3.05,71.52,7,,Middle,,72.45
10372,2025-01-06,Mumbai,Data Science,Weekend,92.19,6.22,62.57,4,,Middle,Consistent performer,88.49
10373,2025-01-07,Pune,Data Science,Weekend,58.92,8.09,51.58,3,38.32,Middle,Improving steadily,84.24
10374,2025-01-08,Pune,AI Foundations,Hybrid,79.98,11.34,76.32,3,66.78,Low,Needs more revision,100.0
10375,2025-01-09,Mumbai,Data Science,Weekday,71.56,,67.18,1,72.31,Middle,Irregular practice,98.46
10376,2025-01-10,Mumbai,Full Stack,Weekday,73.92,8.64,79.44,6,62.4,Middle,Improving steadily,83.65
10377,2025-01-11,Hyderabad,Full Stack,Weekend,68.05,,78.06,5,65.66,Middle,,97.12
10378,2025-01-12,Pune,Full Stack,Hybrid,76.13,7.65,47.1,1,50.5,Upper-middle,Consistent performer,82.12
10379,2025-01-13,Pune,Full Stack,Hybrid,98.25,5.1,46.92,3,43.78,Middle,Consistent performer,83.37
10380,2025-01-14,Bengaluru,Data Science,Hybrid,64.09,6.4,56.42,9,,High,Excellent classroom participation,91.19
10381,2025-01-15,Delhi,AI Foundations,Hybrid,65.13,7.47,52.21,3,50.9,Upper-middle,Irregular practice,79.73
10382,2025-01-16,Hyderabad,AI Foundations,Weekday,63.68,7.25,77.57,6,70.18,High,Consistent performer,93.74
10383,2025-01-17,Bengaluru,Cloud,Weekday,97.0,2.62,71.92,7,43.41,Upper-middle,Consistent performer,78.93
10384,2025-01-18,Delhi,Full Stack,Weekday,72.91,5.94,82.39,2,59.17,Low,Improving steadily,90.13
10385,2025-01-19,Pune,Data Science,Weekend,77.72,7.62,72.55,5,,Middle,Consistent performer,86.85
10386,2025-01-20,Hyderabad,AI Foundations,Hybrid,73.57,,69.92,5,64.76,Low,Improving steadily,80.5
10387,2025-01-21,Bengaluru,Data Science,Weekday,67.61,6.45,83.8,2,62.94,Upper-middle,Needs more revision,87.62
10388,2025-01-22,Hyderabad,Data Science,Weekend,75.41,9.66,73.58,4,57.74,Middle,Needs more revision,100.0
10389,2025-01-23,Mumbai,Data Science,Weekday,100.0,,67.95,3,53.26,Middle,Consistent performer,87.39
10390,2025-01-24,Hyderabad,Cloud,Weekday,93.31,3.02,87.73,4,49.98,High,Irregular practice,91.04
10391,2025-01-25,Delhi,Cloud,Weekday,68.62,6.1,68.61,3,,Low,Consistent performer,82.21
10392,2025-01-26,Mumbai,Cloud,Weekday,85.12,,62.74,3,50.67,Middle,Consistent performer,86.51
10393,2025-01-27,Delhi,Cloud,Hybrid,68.85,18.69,55.27,3,63.12,Upper-middle,Excellent classroom participation,100.0
10394,2025-01-28,Bengaluru,Data Science,Weekday,58.46,11.36,76.84,1,79.75,Low,Irregular practice,86.58
10395,2025-01-29,Mumbai,AI Foundations,Hybrid,89.21,3.3,84.32,4,,,Consistent performer,86.43
10396,2025-01-30,Pune,Full Stack,Weekend,90.76,6.5,66.29,1,59.62,Upper-middle,Needs more revision,89.62
10397,2025-01-31,Bengaluru,Cloud,Weekday,89.51,8.51,85.31,6,61.17,Low,Improving steadily,100.0
10398,2025-02-01,Pune,Data Science,Weekday,72.83,8.15,39.42,2,52.67,Middle,Consistent performer,75.41
10399,2025-02-02,Pune,AI Foundations,Weekend,76.17,9.94,66.22,1,,Middle,Improving steadily,80.85
10400,2025-02-03,Pune,Data Science,Weekday,86.25,4.46,66.44,3,52.8,Upper-middle,Consistent performer,80.88
10401,2025-02-04,Pune,Data Science,Hybrid,82.31,7.66,56.82,3,,Low,Needs more revision,84.09
10402,2025-02-05,Hyderabad,Full Stack,Weekday,73.67,9.31,98.0,3,93.55,High,Consistent performer,100.0
10403,2025-02-06,Bengaluru,Data Science,Weekend,60.19,11.64,66.07,2,69.56,Upper-middle,Improving steadily,100.0
10404,2025-02-07,Mumbai,Data Science,Weekend,79.25,4.74,61.29,3,45.9,Middle,Consistent performer,75.55
10405,2025-02-08,Hyderabad,Cloud,Weekday,89.87,6.11,67.36,1,61.18,Middle,Consistent performer,91.27
10406,2025-02-09,Hyderabad,Full Stack,Weekday,64.83,1.67,,3,52.48,Middle,Consistent performer,59.17
10407,2025-02-10,Pune,AI Foundations,Hybrid,85.03,5.25,56.36,2,36.25,Upper-middle,Excellent classroom participation,84.28
10408,2025-02-11,Bengaluru,Data Science,Weekday,81.65,5.54,80.77,4,,Middle,Needs more revision,93.48
10409,2025-02-12,Mumbai,Cloud,Weekday,86.25,4.22,58.19,2,,Low,Improving steadily,84.54
10410,2025-02-13,Hyderabad,Full Stack,Weekday,87.59,8.09,55.4,3,50.35,Low,Improving steadily,87.39
10411,2025-02-14,Bengaluru,Cloud,Weekday,70.36,7.17,85.33,5,62.92,High,,100.0
10412,2025-02-15,Delhi,Full Stack,Weekend,60.21,2.13,,1,,Middle,Irregular practice,65.95
10413,2025-02-16,Mumbai,Full Stack,Weekend,72.13,8.32,74.24,3,73.78,Upper-middle,Irregular practice,82.03
10414,2025-02-17,Hyderabad,AI Foundations,Weekday,87.78,4.43,60.63,3,,Middle,Consistent performer,82.16
10415,2025-02-18,Mumbai,Data Science,Hybrid,72.04,9.65,63.65,3,58.45,High,Needs more revision,95.29
10416,2025-02-19,Mumbai,Data Science,Weekday,70.37,3.65,55.74,2,54.66,Low,Consistent performer,77.94
10417,2025-02-20,Mumbai,Cloud,Weekday,57.97,7.51,,5,,Low,Consistent performer,79.75
10418,2025-02-21,Bengaluru,AI Foundations,Weekend,97.28,6.32,52.38,1,41.48,High,Improving steadily,92.1
10419,2025-02-22,Mumbai,Data Science,Hybrid,87.08,8.73,58.35,1,45.31,High,Irregular practice,86.79
10420,2025-02-23,Hyderabad,Full Stack,Weekday,86.47,7.91,52.51,4,50.24,Middle,,89.92
10421,2025-02-24,Delhi,AI Foundations,Weekday,88.64,6.42,45.11,1,40.16,,Consistent performer,81.68
10422,2025-02-25,Mumbai,Cloud,Weekend,84.34,3.17,70.07,3,,Middle,Consistent performer,92.04
10423,2025-02-26,Mumbai,AI Foundations,Weekend,75.31,3.28,70.28,2,,Middle,Needs more revision,75.62
10424,2025-02-27,Mumbai,Full Stack,Weekday,76.2,5.36,90.81,2,71.48,Middle,Improving steadily,92.7
10425,2025-02-28,Delhi,Cloud,Weekday,73.3,,57.64,3,,,Needs more revision,77.51
10426,2025-03-01,Bengaluru,Data Science,Weekend,100.0,5.29,71.15,3,57.52,Middle,Irregular practice,100.0
10427,2025-03-02,Mumbai,AI Foundations,Weekday,84.12,10.42,71.38,5,76.37,Upper-middle,Excellent classroom participation,100.0
10428,2025-03-03,Hyderabad,Full Stack,Weekday,72.9,6.34,63.45,3,,Low,Consistent performer,86.95
10429,2025-03-04,Mumbai,Cloud,Weekday,83.12,4.35,77.42,4,,Low,Improving steadily,100.0
10430,2025-03-05,Bengaluru,Full Stack,Weekday,66.88,6.34,,3,56.43,Middle,,92.09
10431,2025-03-06,Hyderabad,Full Stack,Weekday,94.55,8.37,71.58,9,59.9,Middle,Excellent classroom participation,96.06
10432,2025-03-07,Bengaluru,Cloud,Hybrid,70.73,8.83,63.42,2,57.83,Middle,Consistent performer,89.11
10433,2025-03-08,Bengaluru,Full Stack,Weekend,83.51,20.76,61.99,1,71.55,Low,Consistent performer,100.0
10434,2025-03-09,Bengaluru,AI Foundations,Weekend,89.73,5.11,47.85,6,,,Improving steadily,78.0
10435,2025-03-10,Mumbai,Full Stack,Hybrid,82.23,7.1,55.72,2,47.65,Upper-middle,Needs more revision,82.82
10436,2025-03-11,Mumbai,Cloud,Weekday,79.04,9.34,58.29,6,59.99,Upper-middle,Improving steadily,91.63
10437,2025-03-12,Mumbai,Data Science,Weekday,78.12,7.29,51.26,4,51.56,Low,Consistent performer,78.18
10438,2025-03-13,Delhi,Full Stack,Hybrid,77.38,5.61,73.16,3,67.06,Middle,,99.17
10439,2025-03-14,Bengaluru,Full Stack,Weekday,71.66,3.15,83.75,1,73.69,Middle,Excellent classroom participation,87.35
10440,2025-03-15,Delhi,Data Science,Weekend,73.06,,54.29,5,54.99,Middle,Needs more revision,81.74
10441,2025-03-16,Hyderabad,Data Science,Weekend,94.28,4.09,70.97,1,64.96,Middle,Consistent performer,91.87
10442,2025-03-17,Mumbai,Cloud,Weekday,76.81,2.86,52.52,5,,Low,Excellent classroom participation,77.0
10443,2025-03-18,Bengaluru,Cloud,Weekday,69.36,4.77,62.73,3,65.02,Middle,Needs more revision,84.91
10444,2025-03-19,Mumbai,Cloud,Weekday,72.32,4.15,57.34,2,62.67,Middle,Improving steadily,82.71
10445,2025-03-20,Mumbai,Data Science,Weekday,90.1,,75.43,0,73.87,,Improving steadily,100.0
10446,2025-03-21,Bengaluru,Data Science,Weekday,85.43,10.28,57.5,4,64.01,Middle,Consistent performer,100.0
10447,2025-03-22,Hyderabad,Data Science,Weekday,84.16,4.49,81.16,2,57.52,Middle,Excellent classroom participation,93.97
10448,2025-03-23,Delhi,Cloud,Weekend,75.17,6.4,63.56,3,54.16,Middle,Improving steadily,87.31
10449,2025-03-24,Mumbai,AI Foundations,Hybrid,84.31,,57.91,1,,Middle,Improving steadily,70.83
10450,2025-03-25,Delhi,Data Science,Weekend,70.92,5.63,49.45,2,,Middle,,86.05
10451,2025-03-26,Mumbai,Cloud,Weekday,75.14,9.2,70.54,4,56.63,Middle,Needs more revision,93.16
10452,2025-03-27,Hyderabad,Data Science,Weekday,88.67,11.63,79.53,2,69.03,Upper-middle,Needs more revision,100.0
10453,2025-03-28,Bengaluru,Data Science,Weekday,87.62,4.99,70.83,0,36.52,Middle,,86.6
10454,2025-03-29,Mumbai,Data Science,Weekday,67.2,13.18,98.0,2,95.29,Middle,Excellent classroom participation,100.0
10455,2025-03-30,Mumbai,Data Science,Hybrid,68.59,3.21,87.02,3,57.85,High,,81.58
10456,2025-03-31,Mumbai,Cloud,Weekday,79.2,3.72,62.69,2,,Middle,Consistent performer,77.69
10457,2025-04-01,Hyderabad,AI Foundations,Weekday,96.99,10.92,62.55,4,73.37,High,Improving steadily,98.93
10458,2025-04-02,Pune,Data Science,Hybrid,56.93,18.52,,3,82.0,Upper-middle,Excellent classroom participation,97.21
10459,2025-04-03,Bengaluru,Full Stack,Weekday,81.06,9.69,55.27,6,67.9,Low,Improving steadily,92.36
10460,2025-04-04,Delhi,Cloud,Weekday,62.86,7.23,83.33,2,54.85,Middle,Needs more revision,92.89
10461,2025-04-05,Delhi,AI Foundations,Weekday,71.02,,72.06,3,70.36,Upper-middle,Irregular practice,84.48
10462,2025-04-06,Mumbai,Cloud,Weekend,73.99,2.43,70.59,2,59.59,High,Needs more revision,80.36
10463,2025-04-07,Hyderabad,Data Science,Weekend,73.37,7.93,76.62,1,64.64,Middle,Needs more revision,79.08
10464,2025-04-08,Pune,Cloud,Weekday,72.13,6.07,91.12,1,77.72,Low,Irregular practice,100.0
10465,2025-04-09,Delhi,Data Science,Hybrid,78.08,4.02,69.39,2,,Middle,Improving steadily,77.86
10466,2025-04-10,Bengaluru,AI Foundations,Hybrid,72.11,7.66,65.42,2,55.15,Low,Consistent performer,90.73
10467,2025-04-11,Delhi,Full Stack,Hybrid,61.91,7.87,88.12,2,79.59,Upper-middle,Improving steadily,97.68
10468,2025-04-12,Hyderabad,Cloud,Weekday,86.58,12.42,80.55,3,57.43,Middle,Irregular practice,100.0
10469,2025-04-13,Mumbai,Data Science,Weekday,86.28,7.97,62.51,3,61.15,Upper-middle,Needs more revision,93.13
10470,2025-04-14,Delhi,Full Stack,Hybrid,87.27,14.52,67.07,2,74.13,Upper-middle,Excellent classroom participation,100.0
10471,2025-04-15,Pune,AI Foundations,Weekday,61.05,7.42,,2,74.75,Middle,Consistent performer,96.24
10472,2025-04-16,Delhi,Cloud,Weekend,81.29,6.93,72.07,7,,Middle,Needs more revision,94.3
10473,2025-04-17,Mumbai,Full Stack,Weekend,85.44,13.27,48.01,2,72.04,,Consistent performer,100.0
10474,2025-04-18,Mumbai,AI Foundations,Weekday,66.66,4.31,45.41,1,,Upper-middle,Improving steadily,73.53
10475,2025-04-19,Mumbai,AI Foundations,Weekend,78.1,34.74,54.58,0,95.04,Upper-middle,Consistent performer,100.0
10476,2025-04-20,Pune,Data Science,Hybrid,76.72,,53.49,7,,Low,Consistent performer,80.32
10477,2025-04-21,Pune,Full Stack,Weekend,98.26,9.11,57.99,5,,Middle,,100.0
10478,2025-04-22,Delhi,Full Stack,Weekday,99.17,,75.89,5,69.14,Middle,,100.0
10479,2025-04-23,Delhi,Cloud,Hybrid,59.69,,,1,70.46,Upper-middle,Improving steadily,100.0
10480,2025-04-24,Pune,Data Science,Weekend,100.0,11.43,69.75,5,71.73,Middle,Excellent classroom participation,100.0
10481,2025-04-25,Pune,Data Science,Weekend,67.93,3.06,49.86,4,,Middle,Consistent performer,62.21
10482,2025-04-26,Mumbai,AI Foundations,Hybrid,88.79,15.99,60.54,2,59.72,Middle,Consistent performer,100.0
10483,2025-04-27,Delhi,AI Foundations,Weekend,88.68,6.13,75.22,3,55.04,Middle,Improving steadily,87.54
10484,2025-04-28,Pune,AI Foundations,Weekday,67.05,7.84,75.33,4,64.92,Upper-middle,Improving steadily,99.57
10485,2025-04-29,Mumbai,AI Foundations,Weekday,83.43,3.66,56.86,2,,Middle,Needs more revision,77.02
10486,2025-04-30,Pune,Cloud,Weekday,76.82,9.87,69.26,1,63.22,Low,Consistent performer,91.96
10487,2025-05-01,Delhi,Cloud,Weekend,84.1,5.16,97.78,1,73.35,Upper-middle,Needs more revision,99.07
10488,2025-05-02,Mumbai,Cloud,Weekend,80.54,7.81,66.75,4,66.97,Upper-middle,Consistent performer,87.94
10489,2025-05-03,Delhi,Full Stack,Weekend,91.16,6.32,57.3,3,49.05,Middle,Irregular practice,86.63
10490,2025-05-04,Delhi,Full Stack,Weekday,78.83,21.3,64.57,3,71.91,Middle,Improving steadily,100.0
10491,2025-05-05,Bengaluru,Data Science,Weekend,76.15,,68.29,2,83.71,,Consistent performer,100.0
10492,2025-05-06,Delhi,Cloud,Hybrid,90.06,7.58,64.88,4,60.85,Upper-middle,Improving steadily,99.81
10493,2025-05-07,Delhi,Data Science,Weekday,84.38,7.65,66.56,3,46.28,Middle,Improving steadily,92.57
10494,2025-05-08,Pune,Data Science,Weekend,86.05,6.02,46.79,5,,Middle,Consistent performer,73.51
10495,2025-05-09,Bengaluru,Full Stack,Weekend,70.69,13.58,53.52,0,56.41,Middle,Consistent performer,95.07
10496,2025-05-10,Delhi,Full Stack,Weekend,66.5,6.17,64.91,2,53.03,Low,Improving steadily,82.9
10497,2025-05-11,Pune,Data Science,Weekday,71.76,5.86,64.69,5,,Upper-middle,Needs more revision,82.75
10498,2025-05-12,Delhi,AI Foundations,Weekend,71.17,12.66,59.07,5,68.76,Low,Improving steadily,100.0
10499,2025-05-13,Pune,AI Foundations,Hybrid,86.65,5.5,64.52,3,,Low,Improving steadily,83.59
10500,2025-05-14,Delhi,Data Science,Weekend,88.74,7.24,67.85,1,45.2,Upper-middle,Excellent classroom participation,83.53
10501,2025-05-15,Bengaluru,Data Science,Hybrid,76.29,3.1,79.45,2,53.35,High,Irregular practice,93.47
10502,2025-05-16,Hyderabad,Data Science,Hybrid,93.74,10.88,65.61,1,61.62,Upper-middle,Excellent classroom participation,98.15
10503,2025-05-17,Hyderabad,Cloud,Weekday,93.05,21.49,72.59,0,72.56,Middle,Improving steadily,100.0
10504,2025-05-18,Delhi,AI Foundations,Weekend,80.68,10.99,59.42,3,55.56,Middle,Needs more revision,91.11
10505,2025-05-19,Delhi,Data Science,Weekday,68.96,16.51,75.01,0,73.61,Middle,Improving steadily,100.0
10506,2025-05-20,Bengaluru,Cloud,Hybrid,95.33,,72.26,4,52.26,,Excellent classroom participation,88.68
10507,2025-05-21,Pune,Data Science,Weekday,77.33,,79.12,3,66.12,Middle,Irregular practice,89.78
10508,2025-05-22,Bengaluru,Full Stack,Weekday,79.39,4.4,76.99,10,51.83,Middle,Excellent classroom participation,90.06
10509,2025-05-23,Delhi,AI Foundations,Hybrid,74.26,6.52,75.24,5,71.76,Middle,Consistent performer,100.0
10510,2025-05-24,Mumbai,Data Science,Weekday,68.21,11.3,65.62,3,67.64,Upper-middle,Improving steadily,100.0
10511,2025-05-25,Mumbai,Data Science,Weekend,61.84,7.81,70.43,3,,High,Excellent classroom participation,87.79
10512,2025-05-26,Hyderabad,Full Stack,Weekday,84.96,,81.89,4,58.38,Low,Improving steadily,95.72
10513,2025-05-27,Mumbai,Cloud,Hybrid,69.38,3.58,57.87,5,,Middle,Improving steadily,81.1
10514,2025-05-28,Pune,AI Foundations,Hybrid,100.0,3.46,58.2,3,56.79,Middle,Improving steadily,80.74
10515,2025-05-29,Pune,AI Foundations,Weekday,66.05,9.68,69.54,4,57.95,Middle,Improving steadily,91.86
10516,2025-05-30,Mumbai,Data Science,Weekend,64.17,22.99,,4,92.99,Middle,Consistent performer,100.0
10517,2025-05-31,Pune,Data Science,Weekday,83.61,15.63,55.46,3,66.87,Low,Needs more revision,95.63
10518,2025-06-01,Bengaluru,Cloud,Weekend,94.82,2.6,65.95,5,61.04,,Excellent classroom participation,84.57
10519,2025-06-02,Mumbai,Data Science,Weekend,78.71,16.14,65.68,6,82.33,Middle,Irregular practice,100.0
10520,2025-06-03,Bengaluru,AI Foundations,Hybrid,84.29,12.37,35.99,5,,High,Excellent classroom participation,80.5
10521,2025-06-04,Hyderabad,Cloud,Weekday,57.72,3.16,63.93,5,,Low,Consistent performer,72.64
10522,2025-06-05,Pune,Data Science,Weekday,70.55,6.25,64.8,2,58.84,Low,Needs more revision,83.72
10523,2025-06-06,Mumbai,AI Foundations,Weekend,66.19,13.5,,3,65.64,Middle,Consistent performer,100.0
10524,2025-06-07,Delhi,Data Science,Weekend,57.15,10.0,86.82,3,84.52,Low,Excellent classroom participation,91.62
10525,2025-06-08,Mumbai,Full Stack,Weekday,79.29,3.6,49.98,2,44.23,Middle,Improving steadily,70.84
10526,2025-06-09,Pune,Full Stack,Weekday,53.33,10.34,55.46,6,54.29,High,Irregular practice,84.44
10527,2025-06-10,Hyderabad,Full Stack,Weekday,63.46,2.28,30.43,3,28.89,Middle,Consistent performer,59.6
10528,2025-06-11,Hyderabad,Cloud,Hybrid,72.09,6.54,60.27,2,43.53,Middle,Improving steadily,81.53
10529,2025-06-12,Bengaluru,Cloud,Weekday,68.86,13.82,61.46,2,70.6,Middle,Excellent classroom participation,100.0
10530,2025-06-13,Pune,AI Foundations,Weekday,82.36,7.46,59.86,4,,Middle,Consistent performer,91.65
10531,2025-06-14,Bengaluru,AI Foundations,Hybrid,81.36,,82.51,2,70.46,Middle,Irregular practice,92.63
10532,2025-06-15,Bengaluru,Full Stack,Weekday,87.83,,79.05,0,60.71,Middle,Improving steadily,100.0
10533,2025-06-16,Pune,Data Science,Weekend,86.28,12.63,68.09,4,68.13,Upper-middle,Needs more revision,100.0
10534,2025-06-17,Delhi,Cloud,Weekday,90.55,15.19,61.81,2,77.84,,,100.0
10535,2025-06-18,Mumbai,AI Foundations,Hybrid,77.98,11.95,81.37,4,,Middle,Excellent classroom participation,95.83
10536,2025-06-19,Mumbai,Data Science,Weekend,81.34,13.39,66.72,4,83.94,Upper-middle,Improving steadily,100.0
10537,2025-06-20,Delhi,Full Stack,Hybrid,83.63,11.06,55.54,3,55.39,Upper-middle,Excellent classroom participation,95.53
10538,2025-06-21,Mumbai,Full Stack,Weekday,79.56,8.55,42.97,0,,,Excellent classroom participation,87.68
10539,2025-06-22,Mumbai,Data Science,Weekend,73.63,7.76,60.82,2,60.14,Middle,Consistent performer,76.52
10540,2025-06-23,Bengaluru,Cloud,Weekend,74.34,6.49,77.57,2,66.74,Low,Excellent classroom participation,100.0
10541,2025-06-24,Hyderabad,Data Science,Weekday,69.01,3.79,98.0,3,67.74,Low,Irregular practice,91.9
10542,2025-06-25,Delhi,Cloud,Weekday,82.64,,67.86,4,60.94,Low,Needs more revision,76.4
10543,2025-06-26,Bengaluru,AI Foundations,Weekday,76.97,6.33,56.29,4,55.24,Upper-middle,Excellent classroom participation,68.83
10544,2025-06-27,Hyderabad,AI Foundations,Hybrid,70.71,8.44,50.41,5,66.12,Middle,Consistent performer,78.68
10545,2025-06-28,Mumbai,Full Stack,Weekend,70.72,16.32,74.73,4,80.55,Upper-middle,Consistent performer,100.0
10546,2025-06-29,Pune,Data Science,Weekend,64.69,7.22,,5,62.03,Low,,80.67
10547,2025-06-30,Pune,Cloud,Weekend,88.77,12.83,74.7,3,77.64,Upper-middle,Excellent classroom participation,100.0
10548,2025-07-01,Mumbai,Cloud,Weekend,78.86,,78.45,7,58.6,Upper-middle,,100.0
10549,2025-07-02,Bengaluru,Full Stack,Weekday,68.51,6.51,73.11,1,79.85,Low,Consistent performer,85.19
10550,2025-07-03,Pune,AI Foundations,Weekday,86.89,10.25,63.92,2,56.59,,Improving steadily,92.26
10551,2025-07-04,Delhi,Data Science,Weekend,71.84,6.46,74.91,7,71.66,Low,Needs more revision,96.71
10552,2025-07-05,Mumbai,AI Foundations,Weekday,62.53,15.29,69.39,0,72.43,Upper-middle,Excellent classroom participation,99.2
10553,2025-07-06,Mumbai,Data Science,Hybrid,89.23,,56.11,4,66.56,Middle,Irregular practice,93.36
10554,2025-07-07,Hyderabad,Data Science,Weekend,72.09,3.84,92.91,1,57.83,Middle,Needs more revision,93.3
10555,2025-07-08,Mumbai,Full Stack,Weekday,73.5,8.08,62.08,5,61.67,Middle,Needs more revision,88.52
10556,2025-07-09,Mumbai,Data Science,Weekend,78.45,18.29,77.86,3,79.11,Upper-middle,Irregular practice,100.0
10557,2025-07-10,Pune,Data Science,Weekday,90.57,6.69,33.14,2,53.91,Middle,Consistent performer,75.92
10558,2025-07-11,Delhi,Data Science,Hybrid,78.22,9.45,84.87,3,72.77,Middle,,100.0
10559,2025-07-12,Delhi,Full Stack,Hybrid,64.81,9.98,87.56,3,78.85,High,Irregular practice,100.0
10560,2025-07-13,Delhi,Cloud,Hybrid,83.98,4.18,67.42,3,35.13,Low,,77.52
10561,2025-07-14,Mumbai,Data Science,Weekday,72.67,,74.82,1,64.62,Upper-middle,Improving steadily,100.0
10562,2025-07-15,Mumbai,Cloud,Weekday,98.77,3.43,74.82,3,57.79,Low,,100.0
10563,2025-07-16,Hyderabad,AI Foundations,Weekday,77.99,5.24,58.0,0,51.79,Middle,Irregular practice,79.51
10564,2025-07-17,Delhi,Data Science,Weekday,53.41,13.35,74.66,2,78.98,Upper-middle,Improving steadily,100.0
10565,2025-07-18,Delhi,Data Science,Weekday,81.93,8.99,55.68,2,,Upper-middle,Improving steadily,94.67
10566,2025-07-19,Bengaluru,AI Foundations,Weekday,99.39,6.25,58.48,2,,Upper-middle,Excellent classroom participation,85.75
10567,2025-07-20,Bengaluru,AI Foundations,Hybrid,95.34,9.45,82.78,6,77.76,Middle,Improving steadily,100.0
10568,2025-07-21,Mumbai,Full Stack,Weekday,98.14,7.15,80.65,2,45.21,Middle,Improving steadily,90.48
10569,2025-07-22,Pune,AI Foundations,Weekday,66.78,7.44,57.11,4,58.06,,Consistent performer,83.71
10570,2025-07-23,Delhi,Data Science,Hybrid,88.03,10.6,56.73,2,55.88,,Improving steadily,90.24
10571,2025-07-24,Pune,Full Stack,Weekend,70.06,4.95,57.96,4,42.2,Middle,Improving steadily,76.07
10572,2025-07-25,Hyderabad,Cloud,Weekend,80.47,7.55,77.26,2,65.3,Middle,Consistent performer,91.22
10573,2025-07-26,Delhi,Data Science,Weekend,64.0,6.22,53.0,7,59.25,Middle,Consistent performer,82.69
10574,2025-07-27,Bengaluru,Cloud,Hybrid,70.91,3.09,71.99,5,60.96,Middle,Excellent classroom participation,85.85
10575,2025-07-28,Hyderabad,Full Stack,Weekend,70.56,4.45,77.46,7,56.35,Middle,,88.17
10576,2025-07-29,Delhi,Cloud,Weekend,87.88,17.51,65.76,1,81.36,Low,Needs more revision,96.76
10577,2025-07-30,Hyderabad,Full Stack,Weekend,86.81,9.13,81.14,5,73.98,Upper-middle,,100.0
10578,2025-07-31,Delhi,Full Stack,Weekday,81.05,3.57,62.74,4,,Middle,,71.4
10579,2025-08-01,Hyderabad,Data Science,Weekday,63.15,3.17,64.01,1,43.64,Low,Excellent classroom participation,72.54
10580,2025-08-02,Pune,Data Science,Weekday,74.57,6.95,53.32,0,45.72,Upper-middle,Consistent performer,82.5
10581,2025-08-03,Delhi,Cloud,Weekday,69.79,,81.24,1,87.91,Upper-middle,Consistent performer,100.0
10582,2025-08-04,Delhi,Data Science,Weekend,87.57,6.67,56.27,2,51.32,Middle,Excellent classroom participation,81.93
10583,2025-08-05,Mumbai,Data Science,Weekday,90.96,15.16,71.9,2,64.76,Low,Needs more revision,100.0
10584,2025-08-06,Pune,Data Science,Weekday,89.62,8.97,66.0,0,46.47,Low,Needs more revision,88.96
10585,2025-08-07,Hyderabad,Data Science,Weekday,69.69,9.58,52.26,3,61.45,Low,Excellent classroom participation,81.37
10586,2025-08-08,Delhi,AI Foundations,Hybrid,47.87,3.54,58.47,4,42.96,Upper-middle,Improving steadily,73.06
10587,2025-08-09,Mumbai,Full Stack,Weekday,58.56,,,3,77.54,High,Excellent classroom participation,100.0
10588,2025-08-10,Pune,AI Foundations,Weekend,93.64,,69.82,1,66.79,Low,Excellent classroom participation,97.2
10589,2025-08-11,Mumbai,Data Science,Hybrid,73.59,11.88,52.87,5,48.51,Upper-middle,Irregular practice,89.22
10590,2025-08-12,Mumbai,Cloud,Weekday,69.74,4.72,71.27,2,54.74,Low,Needs more revision,90.18
10591,2025-08-13,Hyderabad,Full Stack,Weekend,96.07,8.14,64.95,2,56.71,Middle,Excellent classroom participation,91.3
10592,2025-08-14,Pune,Full Stack,Weekday,91.92,8.97,98.0,3,77.38,,Improving steadily,100.0
10593,2025-08-15,Pune,AI Foundations,Weekday,78.27,6.79,70.99,3,68.4,Middle,Consistent performer,89.29
10594,2025-08-16,Delhi,AI Foundations,Weekend,74.77,9.23,61.67,1,47.81,Low,,86.01
10595,2025-08-17,Mumbai,AI Foundations,Hybrid,76.55,6.38,86.88,0,69.5,Middle,,81.54
10596,2025-08-18,Mumbai,Data Science,Weekday,80.5,5.17,41.23,6,,High,Excellent classroom participation,78.2
10597,2025-08-19,Bengaluru,Data Science,Weekend,95.6,17.87,68.32,5,74.63,Middle,Improving steadily,100.0
10598,2025-08-20,Delhi,Cloud,Weekday,82.65,13.16,94.92,3,78.98,Middle,Improving steadily,100.0
10599,2025-08-21,Hyderabad,Data Science,Weekend,85.99,4.86,65.37,5,56.03,Low,,97.71
10600,2025-08-22,Delhi,Cloud,Weekend,90.86,10.1,42.73,4,54.16,Middle,Irregular practice,83.47
