customer_id,tenure_months,monthly_charges,contract_type,support_calls,days_since_cancellation,final_bill_amount,churn
50001,29,56.48,Month-to-month,2,70.0,112.43,1
50002,30,101.0,Month-to-month,4,90.0,169.95,1
50003,30,89.05,Two year,1,,,0
50004,57,73.25,One year,2,,,0
50005,50,82.26,One year,1,,,0
50006,5,87.45,One year,2,92.0,169.27,1
50007,28,63.09,Month-to-month,1,,,0
50008,1,68.34,One year,2,,,0
50009,59,91.41,Month-to-month,2,56.0,114.41,1
50010,16,92.57,Month-to-month,3,78.0,157.89,1
50011,31,58.12,One year,1,,,0
50012,62,113.33,Two year,2,,,0
50013,54,47.65,One year,1,,,0
50014,64,30.86,One year,0,,,0
50015,25,103.01,Month-to-month,1,68.0,150.35,1
50016,22,85.12,Month-to-month,1,176.0,114.46,1
50017,36,75.34,Two year,1,,,0
50018,50,86.58,One year,0,,,0
50019,64,59.78,Two year,1,,,0
50020,51,40.72,Two year,1,,,0
50021,65,63.91,Month-to-month,2,,,0
50022,1,59.45,One year,1,,,0
50023,63,54.21,One year,1,,,0
50024,27,61.15,Month-to-month,3,26.0,79.11,1
50025,12,61.4,One year,2,,,0
50026,11,63.5,Two year,4,,,0
50027,29,78.86,Two year,1,,,0
50028,25,82.04,Month-to-month,0,,,0
50029,6,77.39,Month-to-month,0,11.0,93.83,1
50030,20,26.26,Two year,2,,,0
50031,36,53.69,Two year,4,,,0
50032,6,53.93,One year,1,,,0
50033,21,93.54,Month-to-month,2,22.0,162.59,1
50034,71,56.73,Month-to-month,1,,,0
50035,67,37.85,Month-to-month,2,28.0,75.73,1
50036,37,84.4,Month-to-month,1,132.0,116.05,1
50037,33,73.64,Month-to-month,1,,,0
50038,11,117.26,Month-to-month,1,64.0,139.67,1
50039,67,47.14,Month-to-month,3,,,0
50040,17,68.08,Month-to-month,1,,,0
50041,13,53.33,Two year,1,,,0
50042,3,53.37,Month-to-month,1,,,0
50043,65,57.19,Month-to-month,4,,,0
50044,22,52.23,Month-to-month,4,87.0,113.15,1
50045,31,75.35,One year,1,,,0
50046,5,73.13,Month-to-month,2,148.0,121.22,1
50047,21,71.43,Month-to-month,1,,,0
50048,18,94.83,One year,2,,,0
50049,72,82.05,Month-to-month,4,140.0,152.37,1
50050,32,87.04,Month-to-month,2,164.0,168.5,1
50051,16,74.91,Two year,2,,,0
50052,49,77.57,One year,1,,,0
50053,18,88.7,One year,0,,,0
50054,60,51.42,Two year,2,,,0
50055,67,60.23,One year,2,,,0
50056,4,73.32,Month-to-month,0,117.0,81.91,1
50057,35,72.75,Two year,2,,,0
50058,18,46.42,One year,1,,,0
50059,62,85.72,Month-to-month,1,,,0
50060,10,97.91,Month-to-month,2,138.0,120.77,1
50061,30,96.55,Month-to-month,0,1.0,112.44,1
50062,26,59.52,Month-to-month,3,56.0,100.89,1
50063,34,87.3,Month-to-month,1,,,0
50064,13,64.74,One year,1,,,0
50065,9,73.27,Month-to-month,2,91.0,86.89,1
50066,17,91.84,Month-to-month,2,164.0,174.55,1
50067,50,96.13,Month-to-month,0,,,0
50068,67,64.04,Month-to-month,1,,,0
50069,70,62.65,Two year,1,,,0
50070,47,98.97,Month-to-month,1,,,0
50071,1,70.18,Two year,3,,,0
50072,63,25.0,Two year,4,,,0
50073,67,79.92,Month-to-month,4,,,0
50074,40,57.58,Month-to-month,1,,,0
50075,40,66.88,Two year,3,,,0
50076,60,82.68,Month-to-month,4,,,0
50077,26,38.72,Month-to-month,1,,,0
50078,26,85.76,Two year,3,,,0
50079,54,44.73,One year,2,,,0
50080,18,58.63,Month-to-month,1,,,0
50081,60,77.73,Month-to-month,3,,,0
50082,40,49.85,One year,2,,,0
50083,22,49.91,Month-to-month,1,,,0
50084,68,78.03,One year,1,,,0
50085,11,81.53,Month-to-month,1,,,0
50086,61,68.8,Two year,2,,,0
50087,39,83.15,One year,1,,,0
50088,18,140.0,Two year,1,,,0
50089,45,45.18,Two year,2,,,0
50090,69,31.69,Month-to-month,1,,,0
50091,13,92.22,Month-to-month,0,99.0,76.79,1
50092,38,50.71,Two year,0,,,0
50093,51,78.65,Month-to-month,0,,,0
50094,31,82.93,Month-to-month,2,,,0
50095,17,71.38,One year,4,,,0
50096,21,77.0,Month-to-month,0,130.0,87.56,1
50097,30,102.77,Month-to-month,2,25.0,151.05,1
50098,46,60.98,Month-to-month,1,,,0
50099,44,94.98,Month-to-month,1,139.0,136.79,1
50100,42,48.42,Two year,2,,,0
50101,27,78.32,One year,3,,,0
50102,60,80.76,Month-to-month,1,,,0
50103,32,70.63,Month-to-month,0,,,0
50104,66,89.46,One year,2,,,0
50105,23,72.78,Month-to-month,3,172.0,120.55,1
50106,54,77.99,Month-to-month,1,,,0
50107,41,59.29,Month-to-month,1,,,0
50108,14,54.03,One year,1,,,0
50109,7,53.58,Two year,1,,,0
50110,10,60.97,Month-to-month,1,64.0,92.37,1
50111,34,48.94,Month-to-month,2,,,0
50112,39,105.62,Month-to-month,1,143.0,172.69,1
50113,49,66.46,Month-to-month,1,,,0
50114,12,71.84,Month-to-month,3,37.0,143.76,1
50115,14,51.34,One year,1,,,0
50116,45,108.8,Two year,1,,,0
50117,42,67.41,Month-to-month,0,,,0
50118,12,61.4,Month-to-month,2,162.0,93.32,1
50119,42,63.05,One year,0,,,0
50120,17,68.2,Month-to-month,3,124.0,106.2,1
50121,23,66.53,Month-to-month,4,107.0,151.4,1
50122,7,47.77,Month-to-month,3,106.0,103.01,1
50123,5,87.48,One year,0,,,0
50124,61,51.95,One year,0,,,0
50125,69,86.57,One year,4,,,0
50126,43,48.05,One year,0,,,0
50127,8,75.12,Month-to-month,3,150.0,154.26,1
50128,25,53.56,Month-to-month,1,,,0
50129,26,58.9,Month-to-month,1,,,0
50130,29,80.66,Month-to-month,3,47.0,176.09,1
50131,14,93.26,One year,1,,,0
50132,10,104.81,Month-to-month,0,33.0,149.32,1
50133,67,78.72,One year,0,,,0
50134,62,71.9,Month-to-month,2,,,0
50135,4,54.66,Month-to-month,2,109.0,89.65,1
50136,22,39.79,Month-to-month,2,,,0
50137,10,83.17,Month-to-month,3,153.0,150.72,1
50138,6,67.44,Month-to-month,1,165.0,110.3,1
50139,47,72.16,One year,2,,,0
50140,26,64.83,One year,0,,,0
50141,40,59.08,One year,0,,,0
50142,18,84.18,Month-to-month,2,165.0,184.11,1
50143,52,102.69,Two year,5,,,0
50144,30,50.4,Month-to-month,0,,,0
50145,9,38.27,One year,1,,,0
50146,62,67.77,Two year,3,,,0
50147,22,59.08,Month-to-month,3,,,0
50148,54,93.31,Two year,3,,,0
50149,50,81.11,Month-to-month,1,,,0
50150,18,106.12,Two year,0,,,0
50151,19,91.4,Two year,2,,,0
50152,24,73.89,Month-to-month,0,,,0
50153,65,74.66,Month-to-month,3,,,0
50154,32,79.04,Two year,1,,,0
50155,54,55.62,Month-to-month,1,,,0
50156,12,79.83,One year,0,,,0
50157,6,96.67,Month-to-month,4,30.0,179.92,1
50158,21,60.63,Month-to-month,1,4.0,59.61,1
50159,14,67.65,One year,1,,,0
50160,23,83.82,Month-to-month,6,38.0,212.51,1
50161,21,98.98,One year,6,115.0,231.66,1
50162,14,58.64,One year,0,,,0
50163,70,76.4,Two year,1,,,0
50164,20,71.44,Month-to-month,0,73.0,122.75,1
50165,2,67.07,One year,0,,,0
50166,31,38.54,Month-to-month,1,,,0
50167,56,58.6,Two year,5,,,0
50168,62,49.9,Two year,4,,,0
50169,27,69.58,Month-to-month,1,,,0
50170,49,63.85,Two year,1,,,0
50171,11,50.59,One year,2,,,0
50172,5,67.21,Month-to-month,3,17.0,162.01,1
50173,54,105.58,Month-to-month,0,,,0
50174,37,60.07,Month-to-month,5,70.0,130.25,1
50175,1,65.02,One year,3,,,0
50176,17,67.93,Month-to-month,1,116.0,109.2,1
50177,29,58.89,Month-to-month,2,,,0
50178,1,43.6,Two year,1,,,0
50179,22,104.57,One year,2,,,0
50180,41,39.04,Two year,2,,,0
50181,4,41.14,Month-to-month,0,10.0,21.21,1
50182,15,85.48,Month-to-month,4,161.0,217.86,1
50183,41,35.11,Two year,1,,,0
50184,47,85.88,One year,2,,,0
50185,48,87.5,Month-to-month,0,,,0
50186,19,57.57,Month-to-month,1,,,0
50187,10,72.75,Month-to-month,0,,,0
50188,18,71.09,One year,1,,,0
50189,41,57.51,Month-to-month,2,,,0
50190,43,60.93,Month-to-month,4,73.0,147.44,1
50191,69,69.18,One year,3,,,0
50192,43,63.59,Month-to-month,0,,,0
50193,57,82.36,One year,1,,,0
50194,62,69.29,Month-to-month,3,,,0
50195,32,80.12,Month-to-month,0,,,0
50196,15,65.02,Month-to-month,0,33.0,124.99,1
50197,15,83.52,Month-to-month,2,70.0,134.43,1
50198,72,87.91,Month-to-month,4,,,0
50199,20,36.36,Month-to-month,4,89.0,109.54,1
50200,27,78.81,Month-to-month,2,142.0,153.67,1
50201,27,59.5,Month-to-month,1,,,0
50202,70,64.1,Two year,5,,,0
50203,10,77.63,Month-to-month,2,18.0,116.81,1
50204,12,74.2,Month-to-month,3,85.0,139.85,1
50205,47,67.79,Two year,2,,,0
50206,69,83.9,Month-to-month,4,,,0
50207,46,75.23,Month-to-month,0,,,0
50208,70,58.35,One year,4,,,0
50209,37,91.78,Month-to-month,2,117.0,183.72,1
50210,21,91.16,Month-to-month,2,,,0
50211,13,72.24,Month-to-month,1,145.0,91.06,1
50212,15,61.95,One year,2,,,0
50213,60,58.11,One year,1,,,0
50214,44,102.11,Month-to-month,2,22.0,127.93,1
50215,62,68.68,Month-to-month,1,,,0
50216,10,74.62,Month-to-month,0,21.0,54.75,1
50217,16,79.6,Month-to-month,0,174.0,93.81,1
50218,22,25.0,Month-to-month,1,,,0
50219,52,55.51,One year,3,,,0
50220,71,111.63,Month-to-month,1,,,0
50221,48,25.0,Month-to-month,3,,,0
50222,56,45.06,Two year,2,,,0
50223,62,63.91,Month-to-month,2,,,0
50224,58,54.14,One year,1,,,0
50225,22,58.48,Month-to-month,2,167.0,92.37,1
50226,63,51.21,One year,3,,,0
50227,67,68.91,One year,1,,,0
50228,50,78.43,Month-to-month,1,,,0
50229,12,79.21,Month-to-month,1,58.0,138.66,1
50230,52,57.21,Month-to-month,4,87.0,125.5,1
50231,37,89.51,Month-to-month,1,34.0,105.03,1
50232,53,74.57,One year,1,,,0
50233,4,91.28,Two year,1,,,0
50234,29,77.19,Month-to-month,1,143.0,108.5,1
50235,39,67.29,Month-to-month,0,,,0
50236,8,67.74,Month-to-month,1,,,0
50237,37,78.34,Month-to-month,1,,,0
50238,44,94.72,One year,4,,,0
50239,43,74.25,Month-to-month,2,171.0,164.11,1
50240,58,75.76,One year,4,,,0
50241,31,82.17,Month-to-month,2,92.0,112.88,1
50242,17,40.05,One year,2,,,0
50243,11,46.25,One year,2,,,0
50244,14,75.92,Two year,2,,,0
50245,26,54.79,One year,0,,,0
50246,69,67.25,One year,1,,,0
50247,55,71.76,One year,0,,,0
50248,10,115.43,Month-to-month,2,116.0,217.91,1
50249,45,68.82,Month-to-month,3,121.0,160.27,1
50250,40,33.94,Two year,3,,,0
50251,16,75.67,Two year,3,,,0
50252,54,90.31,Two year,2,,,0
50253,1,81.58,One year,1,,,0
50254,7,80.36,Month-to-month,1,88.0,144.88,1
50255,46,58.74,Two year,0,,,0
50256,41,64.43,One year,0,,,0
50257,43,56.72,Month-to-month,4,78.0,126.89,1
50258,49,58.77,Month-to-month,5,135.0,192.68,1
50259,66,68.25,One year,2,,,0
50260,4,88.56,One year,1,,,0
50261,58,123.86,Month-to-month,3,57.0,269.73,1
50262,31,74.64,Two year,1,,,0
50263,19,81.73,Month-to-month,0,,,0
50264,35,28.58,Month-to-month,3,,,0
50265,40,64.09,Month-to-month,1,,,0
50266,41,99.57,Month-to-month,1,,,0
50267,20,73.68,Month-to-month,0,155.0,77.29,1
50268,3,70.11,One year,3,,,0
50269,49,124.22,Month-to-month,2,73.0,239.56,1
50270,65,93.42,Month-to-month,0,,,0
50271,66,85.89,Month-to-month,2,,,0
50272,62,70.85,Two year,1,,,0
50273,16,76.9,One year,3,,,0
50274,62,110.48,Two year,3,,,0
50275,48,112.18,Two year,1,,,0
50276,38,62.33,Month-to-month,0,,,0
50277,22,42.77,Month-to-month,3,145.0,114.78,1
50278,57,72.89,Two year,2,,,0
50279,9,85.75,Two year,2,,,0
50280,58,104.51,Two year,0,,,0
50281,66,70.11,Month-to-month,5,,,0
50282,70,65.72,Month-to-month,2,,,0
50283,64,92.02,Month-to-month,0,,,0
50284,59,55.39,Month-to-month,0,,,0
50285,55,67.73,One year,0,,,0
50286,9,72.1,Two year,1,,,0
50287,24,70.71,One year,3,,,0
50288,11,95.03,Month-to-month,1,83.0,174.43,1
50289,27,81.64,Two year,2,,,0
50290,37,62.27,One year,2,,,0
50291,64,67.76,Month-to-month,2,,,0
50292,52,122.36,One year,1,,,0
50293,59,46.01,Month-to-month,1,,,0
50294,61,38.19,Month-to-month,1,,,0
50295,59,49.66,Month-to-month,2,,,0
50296,1,77.47,Two year,4,,,0
50297,69,92.46,Month-to-month,1,,,0
50298,32,69.93,Two year,2,,,0
50299,19,61.85,Month-to-month,1,,,0
50300,31,58.78,Month-to-month,2,,,0
50301,40,40.81,Two year,2,,,0
50302,51,100.79,Month-to-month,0,,,0
50303,31,68.35,One year,2,,,0
50304,40,76.01,Two year,0,,,0
50305,30,87.35,Month-to-month,5,64.0,202.88,1
50306,58,96.96,Month-to-month,1,22.0,136.7,1
50307,8,67.93,One year,3,,,0
50308,51,55.58,Month-to-month,0,,,0
50309,41,71.61,Month-to-month,2,,,0
50310,35,69.63,One year,2,,,0
50311,28,61.96,Two year,2,,,0
50312,18,49.28,Month-to-month,1,,,0
50313,19,79.0,Month-to-month,3,71.0,153.52,1
50314,47,95.86,One year,4,,,0
50315,11,103.53,One year,1,,,0
50316,17,58.38,One year,3,,,0
50317,32,103.66,Two year,1,,,0
50318,47,52.19,Month-to-month,2,126.0,120.08,1
50319,29,74.69,One year,3,,,0
50320,11,90.82,Month-to-month,2,95.0,205.76,1
50321,58,81.95,Month-to-month,1,,,0
50322,16,97.42,One year,0,,,0
50323,68,53.55,Month-to-month,2,,,0
50324,31,68.71,Month-to-month,1,,,0
50325,59,68.34,Month-to-month,0,,,0
50326,38,92.51,Month-to-month,1,110.0,116.27,1
50327,19,67.83,Month-to-month,0,105.0,103.64,1
50328,69,76.21,Month-to-month,2,81.0,156.87,1
50329,23,67.35,Month-to-month,1,54.0,87.9,1
50330,44,78.52,Month-to-month,0,,,0
50331,58,58.48,Month-to-month,2,32.0,94.08,1
50332,31,51.85,Month-to-month,0,,,0
50333,58,63.02,One year,2,,,0
50334,60,55.47,Two year,1,,,0
50335,20,68.35,One year,3,,,0
50336,11,86.07,Month-to-month,1,25.0,112.81,1
50337,5,47.92,One year,0,,,0
50338,2,64.55,Month-to-month,1,131.0,66.4,1
50339,39,111.07,Month-to-month,2,79.0,154.02,1
50340,19,39.69,Two year,0,,,0
50341,30,51.9,Month-to-month,2,,,0
50342,39,77.44,Two year,3,,,0
50343,21,43.13,Month-to-month,2,,,0
50344,46,69.64,One year,0,,,0
50345,28,102.11,Month-to-month,1,14.0,132.1,1
50346,58,60.73,One year,1,,,0
50347,12,55.88,One year,1,,,0
50348,44,42.69,Month-to-month,2,,,0
50349,23,56.14,Month-to-month,1,,,0
50350,9,67.67,One year,3,,,0
50351,12,110.42,One year,0,,,0
50352,57,68.64,One year,1,,,0
50353,63,69.49,Two year,2,,,0
50354,1,71.12,Month-to-month,2,146.0,155.76,1
50355,17,56.29,Two year,3,,,0
50356,51,29.51,Month-to-month,2,,,0
50357,55,97.97,Two year,0,,,0
50358,38,82.86,Month-to-month,3,67.0,158.75,1
50359,3,91.99,One year,2,,,0
50360,36,76.23,Two year,1,,,0
50361,32,92.86,Two year,1,,,0
50362,54,44.22,Month-to-month,4,,,0
50363,60,72.91,One year,7,50.0,224.42,1
50364,4,81.29,Month-to-month,1,85.0,158.56,1
50365,68,95.73,Month-to-month,0,,,0
50366,30,79.49,One year,1,,,0
50367,44,79.51,Month-to-month,1,,,0
50368,68,76.07,One year,0,,,0
50369,44,45.39,One year,2,,,0
50370,1,61.32,Two year,3,,,0
50371,17,62.92,Month-to-month,0,,,0
50372,64,87.0,Month-to-month,0,,,0
50373,10,81.25,Month-to-month,3,68.0,186.85,1
50374,47,99.11,One year,2,,,0
50375,31,80.79,Two year,1,,,0
50376,66,68.16,Month-to-month,0,,,0
50377,70,95.09,Month-to-month,3,,,0
50378,4,49.6,One year,2,,,0
50379,69,66.76,Month-to-month,2,,,0
50380,59,54.95,Month-to-month,0,,,0
50381,69,51.83,Month-to-month,1,,,0
50382,39,52.44,One year,2,,,0
50383,70,60.09,Month-to-month,2,,,0
50384,18,75.43,One year,1,,,0
50385,8,65.69,One year,3,,,0
50386,34,76.68,Month-to-month,0,,,0
50387,18,75.98,One year,0,,,0
50388,67,29.94,Month-to-month,2,,,0
50389,44,74.78,Two year,2,,,0
50390,32,58.5,Two year,2,,,0
50391,4,42.43,One year,2,,,0
50392,10,76.08,Month-to-month,2,73.0,139.96,1
50393,46,73.15,Two year,3,,,0
50394,5,74.65,Month-to-month,1,50.0,128.86,1
50395,52,84.48,Month-to-month,1,,,0
50396,2,59.73,Two year,2,,,0
50397,29,54.14,One year,1,,,0
50398,16,71.26,Month-to-month,2,7.0,150.32,1
50399,20,63.68,Month-to-month,0,,,0
50400,40,120.57,One year,0,,,0
50401,29,69.13,Month-to-month,2,,,0
50402,26,71.43,Month-to-month,0,,,0
50403,16,55.53,Month-to-month,3,,,0
50404,64,52.5,One year,3,,,0
50405,18,41.08,Two year,2,,,0
50406,57,64.98,Month-to-month,0,,,0
50407,70,67.08,One year,1,,,0
50408,34,90.48,Month-to-month,2,110.0,166.28,1
50409,22,66.16,One year,2,,,0
50410,17,63.3,One year,1,,,0
50411,19,74.79,One year,3,,,0
50412,30,68.52,Two year,4,,,0
50413,45,87.59,Month-to-month,2,133.0,113.9,1
50414,46,96.16,Month-to-month,0,,,0
50415,14,69.58,Two year,1,,,0
50416,2,52.73,Month-to-month,2,171.0,102.04,1
50417,58,67.58,Two year,2,,,0
50418,65,73.99,Month-to-month,0,,,0
50419,7,45.89,Month-to-month,1,,,0
50420,48,64.93,Month-to-month,0,,,0
50421,31,43.2,Month-to-month,3,27.0,112.91,1
50422,70,77.69,Two year,4,,,0
50423,59,50.24,One year,0,,,0
50424,48,64.33,Month-to-month,2,,,0
50425,25,67.41,One year,2,,,0
50426,27,47.01,One year,1,,,0
50427,34,70.99,One year,1,,,0
50428,32,50.78,Month-to-month,1,,,0
50429,7,96.99,Two year,3,,,0
50430,1,94.27,Month-to-month,4,33.0,249.84,1
50431,50,91.5,Two year,1,,,0
50432,5,73.01,One year,1,,,0
50433,34,76.47,Two year,1,,,0
50434,8,67.19,Two year,5,76.0,194.63,1
50435,34,80.04,Month-to-month,1,140.0,114.34,1
50436,29,99.85,Month-to-month,1,,,0
50437,6,52.76,One year,1,,,0
50438,21,78.31,Month-to-month,3,114.0,153.12,1
50439,5,39.56,One year,2,,,0
50440,29,62.96,Month-to-month,1,119.0,119.06,1
50441,7,69.26,Two year,3,,,0
50442,30,76.11,Month-to-month,2,,,0
50443,6,82.57,Month-to-month,1,96.0,117.59,1
50444,26,93.96,Month-to-month,3,177.0,127.59,1
50445,24,45.18,Month-to-month,2,71.0,71.08,1
50446,37,86.05,One year,4,,,0
50447,31,102.86,Month-to-month,0,,,0
50448,68,63.67,One year,3,,,0
50449,65,61.42,Month-to-month,2,,,0
50450,38,74.16,Two year,1,,,0
50451,3,69.28,Two year,2,,,0
50452,60,68.08,One year,1,,,0
50453,49,97.83,Month-to-month,0,,,0
50454,57,114.78,Month-to-month,0,,,0
50455,65,66.14,Month-to-month,3,,,0
50456,31,113.62,Two year,4,,,0
50457,35,65.6,Two year,2,,,0
50458,18,85.62,Month-to-month,1,,,0
50459,6,53.17,Month-to-month,1,,,0
50460,3,56.1,One year,0,,,0
50461,52,66.14,Month-to-month,1,,,0
50462,5,86.96,Month-to-month,1,18.0,113.96,1
50463,64,75.74,One year,1,,,0
50464,16,42.39,One year,1,,,0
50465,38,48.0,Month-to-month,2,,,0
50466,64,40.89,Month-to-month,2,,,0
50467,15,77.71,Month-to-month,1,,,0
50468,8,74.65,Month-to-month,2,86.0,171.2,1
50469,28,74.3,One year,1,,,0
50470,60,74.11,Month-to-month,2,,,0
50471,20,58.34,Month-to-month,1,,,0
50472,33,75.03,Month-to-month,2,,,0
50473,47,97.79,Two year,0,,,0
50474,47,82.23,Two year,2,,,0
50475,61,50.93,One year,0,,,0
50476,11,65.96,Month-to-month,0,163.0,99.95,1
50477,70,60.68,One year,0,,,0
50478,58,87.86,Month-to-month,1,,,0
50479,71,52.96,Two year,2,,,0
50480,7,75.25,One year,2,,,0
50481,56,65.81,Month-to-month,2,,,0
50482,38,57.98,Month-to-month,3,,,0
50483,58,75.72,One year,2,,,0
50484,8,68.0,Month-to-month,2,99.0,102.15,1
50485,36,85.38,Month-to-month,1,145.0,125.33,1
50486,62,63.2,Month-to-month,1,,,0
50487,59,50.7,Two year,3,,,0
50488,43,68.27,One year,1,,,0
50489,48,76.5,Month-to-month,3,124.0,169.41,1
50490,40,82.99,One year,4,163.0,192.3,1
50491,62,68.65,Month-to-month,3,,,0
50492,20,87.17,Month-to-month,2,110.0,136.55,1
50493,69,47.86,Month-to-month,4,,,0
50494,37,89.64,Month-to-month,2,135.0,188.79,1
50495,72,82.24,Month-to-month,2,,,0
50496,2,64.02,Two year,1,,,0
50497,39,90.87,Month-to-month,2,,,0
50498,35,77.6,One year,1,,,0
50499,36,94.99,Two year,0,,,0
50500,16,58.02,Month-to-month,2,110.0,120.93,1
50501,27,59.71,Month-to-month,0,,,0
50502,65,81.9,One year,1,,,0
50503,10,73.21,One year,3,,,0
50504,20,46.09,One year,1,,,0
50505,45,105.66,Month-to-month,2,51.0,225.29,1
50506,37,103.53,Two year,2,,,0
50507,72,75.45,Month-to-month,0,,,0
50508,1,59.64,Month-to-month,1,,,0
50509,20,60.04,Two year,4,,,0
50510,54,78.96,Month-to-month,4,,,0
50511,12,97.86,One year,0,,,0
50512,12,119.61,Month-to-month,1,7.0,230.76,1
50513,19,66.57,One year,4,,,0
50514,72,65.59,Month-to-month,1,,,0
50515,35,69.02,One year,3,,,0
50516,22,79.35,One year,1,,,0
50517,61,56.62,One year,2,,,0
50518,48,47.47,Month-to-month,0,,,0
50519,20,67.81,Month-to-month,1,75.0,95.58,1
50520,70,77.58,Month-to-month,2,,,0
50521,72,102.86,One year,0,,,0
50522,55,52.57,Two year,1,,,0
50523,28,92.33,Month-to-month,0,,,0
50524,26,70.16,Two year,0,,,0
50525,21,67.61,Two year,1,,,0
50526,67,44.07,Month-to-month,1,,,0
50527,6,79.05,One year,0,,,0
50528,16,76.95,Month-to-month,3,169.0,137.42,1
50529,13,112.82,Month-to-month,0,20.0,130.08,1
50530,46,67.36,One year,0,,,0
50531,7,99.96,Month-to-month,1,44.0,107.61,1
50532,54,66.51,Two year,3,,,0
50533,10,65.85,Month-to-month,1,,,0
50534,26,41.75,One year,4,,,0
50535,14,92.7,Month-to-month,4,1.0,196.13,1
50536,60,74.48,Month-to-month,3,76.0,165.27,1
50537,47,71.91,Month-to-month,1,,,0
50538,35,66.78,Month-to-month,2,170.0,113.49,1
50539,68,76.24,Month-to-month,3,,,0
50540,63,59.2,One year,1,,,0
50541,42,80.09,Month-to-month,2,,,0
50542,16,54.82,One year,2,,,0
50543,9,69.59,One year,1,,,0
50544,65,80.95,Two year,0,,,0
50545,52,97.34,Month-to-month,0,,,0
50546,39,75.78,Month-to-month,1,,,0
50547,7,95.34,One year,2,78.0,183.53,1
50548,31,71.77,Two year,3,,,0
50549,69,55.17,One year,2,,,0
50550,17,109.47,Month-to-month,2,149.0,233.92,1
50551,23,69.92,One year,1,,,0
50552,8,89.04,Two year,2,,,0
50553,23,60.83,Month-to-month,1,,,0
50554,21,81.37,Month-to-month,0,107.0,102.78,1
50555,57,78.2,Two year,0,,,0
50556,29,72.0,Month-to-month,1,15.0,90.55,1
50557,50,108.52,One year,1,,,0
50558,44,79.72,Two year,0,,,0
50559,21,65.32,Month-to-month,4,54.0,170.34,1
50560,53,100.33,Two year,0,,,0
50561,62,39.4,One year,2,,,0
50562,4,45.75,One year,2,,,0
50563,51,87.84,Month-to-month,1,,,0
50564,69,76.08,Month-to-month,1,,,0
50565,41,62.16,One year,2,,,0
50566,18,79.06,Month-to-month,0,,,0
50567,7,91.19,Month-to-month,3,82.0,130.53,1
50568,49,52.98,One year,1,,,0
50569,8,70.42,Two year,2,,,0
50570,59,72.69,Month-to-month,2,,,0
50571,58,77.51,Month-to-month,2,,,0
50572,31,83.6,Month-to-month,3,58.0,182.76,1
50573,45,36.58,One year,0,,,0
50574,32,81.65,Month-to-month,3,52.0,145.83,1
50575,56,37.65,Month-to-month,3,,,0
50576,4,71.33,One year,1,,,0
50577,38,53.01,Month-to-month,2,,,0
50578,30,75.54,One year,2,,,0
50579,33,83.98,One year,6,108.0,208.91,1
50580,68,73.03,Two year,2,,,0
50581,37,60.24,Month-to-month,1,,,0
50582,27,48.31,One year,0,,,0
50583,51,71.33,Month-to-month,3,54.0,81.31,1
50584,65,64.67,Month-to-month,1,,,0
50585,59,78.06,Month-to-month,0,,,0
50586,51,64.25,Month-to-month,3,,,0
50587,66,97.24,Two year,1,,,0
50588,64,72.84,One year,5,,,0
50589,16,88.55,One year,3,154.0,142.29,1
50590,15,63.02,Month-to-month,2,161.0,128.89,1
50591,33,85.23,One year,0,,,0
50592,49,83.23,Month-to-month,0,,,0
50593,68,59.75,One year,0,,,0
50594,8,45.05,One year,1,,,0
50595,64,94.83,Two year,0,,,0
50596,36,64.44,Month-to-month,2,,,0
50597,47,60.37,Two year,1,,,0
50598,53,66.59,Month-to-month,3,4.0,139.91,1
50599,16,54.96,One year,3,178.0,158.02,1
50600,12,83.34,Month-to-month,1,101.0,112.08,1
